group,term,synonym,isWord
Частини тіла людини,🍆,агрегат,1
Частини тіла людини,🍆,антена,1
Частини тіла людини,🍆,апарат,1
Частини тіла людини,🍆,аргумент,1
Частини тіла людини,🍆,багатство,1
Частини тіла людини,🍆,балда,1
Частини тіла людини,🍆,банан,1
Частини тіла людини,🍆,бандура,1
Частини тіла людини,🍆,бен,1
Частини тіла людини,🍆,бидло,1
Частини тіла людини,🍆,біда,1
Частини тіла людини,🍆,бобик,1
Частини тіла людини,🍆,болванка,1
Частини тіла людини,🍆,болт,1
Частини тіла людини,🍆,бомко,1
Частини тіла людини,🍆,брехунець,1
Частини тіла людини,🍆,буйок,1
Частини тіла людини,🍆,булава,1
Частини тіла людини,🍆,бурулька,1
Частини тіла людини,🍆,буц,1
Частини тіла людини,🍆,вабик,1
Частини тіла людини,🍆,валек,1
Частини тіла людини,🍆,варган,1
Частини тіла людини,🍆,вар'ят,1
Частини тіла людини,🍆,васильок,1
Частини тіла людини,🍆,вася,1
Частини тіла людини,🍆,взацний член тіла,0
Частини тіла людини,🍆,визволювач,1
Частини тіла людини,🍆,викрутас,1
Частини тіла людини,🍆,вимагач,1
Частини тіла людини,🍆,вискочка,1
Частини тіла людини,🍆,відкривач,1
Частини тіла людини,🍆,відросток,1
Частини тіла людини,🍆,вламувач,1
Частини тіла людини,🍆,воловий ріг,0
Частини тіла людини,🍆,волохач,1
Частини тіла людини,🍆,воробчик,1
Частини тіла людини,🍆,ворохобник,1
Частини тіла людини,🍆,враза,1
Частини тіла людини,🍆,вразливе місце,0
Частини тіла людини,🍆,гад,1
Частини тіла людини,🍆,гаспид,1
Частини тіла людини,🍆,герой,1
Частини тіла людини,🍆,голуб,1
Частини тіла людини,🍆,горобець,1
Частини тіла людини,🍆,горобчик,1
Частини тіла людини,🍆,господар,1
Частини тіла людини,🍆,грішне місце,0
Частини тіла людини,🍆,грішник,1
Частини тіла людини,🍆,гусяча шийка,0
Частини тіла людини,🍆,гвинт,1
Частини тіла людини,🍆,гвоздь,1
Частини тіла людини,🍆,гила,1
Частини тіла людини,🍆,гнис,1
Частини тіла людини,🍆,гнись,1
Частини тіла людини,🍆,гулька,1
Частини тіла людини,🍆,гуля,1
Частини тіла людини,🍆,двадцять перший палець,0
Частини тіла людини,🍆,дзигарнічка,1
Частини тіла людини,🍆,дзюрик,1
Частини тіла людини,🍆,дибло,1
Частини тіла людини,🍆,дишель,1
Частини тіла людини,🍆,діло,1
Частини тіла людини,🍆,дітородний орган,0
Частини тіла людини,🍆,дітородник,1
Частини тіла людини,🍆,добро,1
Частини тіла людини,🍆,довбня,1
Частини тіла людини,🍆,довбуш,1
Частини тіла людини,🍆,довгошиїй,1
Частини тіла людини,🍆,дойок,1
Частини тіла людини,🍆,достиглий овоч,0
Частини тіла людини,🍆,дрючок,1
Частини тіла людини,🍆,дубова колода,0
Частини тіла людини,🍆,дуда,1
Частини тіла людини,🍆,дундлик,1
Частини тіла людини,🍆,дурень,1
Частини тіла людини,🍆,дурінь,1
Частини тіла людини,🍆,дюбель,1
Частини тіла людини,🍆,ейфелева вежа,0
Частини тіла людини,🍆,жандарь,1
Частини тіла людини,🍆,женило,1
Частини тіла людини,🍆,жеребчик,1
Частини тіла людини,🍆,жереб'ячий гонор,0
Частини тіла людини,🍆,жива,1
Частини тіла людини,🍆,ковбаса,1
Частини тіла людини,🍆,живий корінь,0
Частини тіла людини,🍆,живчик,1
Частини тіла людини,🍆,жила,1
Частини тіла людини,🍆,журавель в коноплях,0
Частини тіла людини,🍆,забабах,1
Частини тіла людини,🍆,заганяч,1
Частини тіла людини,🍆,заґаняч,1
Частини тіла людини,🍆,загарбник,1
Частини тіла людини,🍆,запальничка,1
Частини тіла людини,🍆,запридух,1
Частини тіла людини,🍆,засовень,1
Частини тіла людини,🍆,затикайло,1
Частини тіла людини,🍆,затичка,1
Частини тіла людини,🍆,зброя,1
Частини тіла людини,🍆,звідун,1
Частини тіла людини,🍆,зигмунд,1
Частини тіла людини,🍆,змій,1
Частини тіла людини,🍆,знаряддя,1
Частини тіла людини,🍆,інструмент,1
Частини тіла людини,🍆,їбак,1
Частини тіла людини,🍆,кабака,1
Частини тіла людини,🍆,камікадзе,1
Частини тіла людини,🍆,капало,1
Частини тіла людини,🍆,качалка,1
Частини тіла людини,🍆,качан,1
Частини тіла людини,🍆,кий,1
Частини тіла людини,🍆,кийок,1
Частини тіла людини,🍆,кишка,1
Частини тіла людини,🍆,кіл,1
Частини тіла людини,🍆,кілок,1
Частини тіла людини,🍆,кінець,1
Частини тіла людини,🍆,кінчик,1
Частини тіла людини,🍆,кінь,1
Частини тіла людини,🍆,клин,1
Частини тіла людини,🍆,ключ,1
Частини тіла людини,🍆,кляп,1
Частини тіла людини,🍆,ковбаса,1
Частини тіла людини,🍆,ковбасина,1
Частини тіла людини,🍆,ковбаска,1
Частини тіла людини,🍆,когут,1
Частини тіла людини,🍆,когутик,1
Частини тіла людини,🍆,козак із штанів,0
Частини тіла людини,🍆,коник,1
Частини тіла людини,🍆,корінь,1
Частини тіла людини,🍆,корінь життя,0
Частини тіла людини,🍆,котик,1
Частини тіла людини,🍆,кочерга,1
Частини тіла людини,🍆,кран,1
Частини тіла людини,🍆,краник,1
Частини тіла людини,🍆,куй,1
Частини тіла людини,🍆,кукурудза,1
Частини тіла людини,🍆,кутас,1
Частини тіла людини,🍆,линва,1
Частини тіла людини,🍆,лялька,1
Частини тіла людини,🍆,макачула,1
Частини тіла людини,🍆,мак головатий,0
Частини тіла людини,🍆,макогін,1
Частини тіла людини,🍆,макодзьоб,1
Частини тіла людини,🍆,маленький друг,0
Частини тіла людини,🍆,найближчий друг,0
Частини тіла людини,🍆,малий бог,0
Частини тіла людини,🍆,"малий, що в штанях",0
Частини тіла людини,🍆,мамалига,1
Частини тіла людини,🍆,матуль,1
Частини тіла людини,🍆,махун,1
Частини тіла людини,🍆,машина,1
Частини тіла людини,🍆,машинка,1
Частини тіла людини,🍆,мендел,1
Частини тіла людини,🍆,месник,1
Частини тіла людини,🍆,мешканець темряви,0
Частини тіла людини,🍆,моджахедисько,1
Частини тіла людини,🍆,молодець,1
Частини тіла людини,🍆,молоток,1
Частини тіла людини,🍆,морква,1
Частини тіла людини,🍆,мотовило,1
Частини тіла людини,🍆,моторчик,1
Частини тіла людини,🍆,мотузок,1
Частини тіла людини,🍆,мудак,1
Частини тіла людини,🍆,наган,1
Частини тіла людини,🍆,неборак,1
Частини тіла людини,🍆,невільник,1
Частини тіла людини,🍆,нещастя,1
Частини тіла людини,🍆,ножик,1
Частини тіла людини,🍆,обмилок,1
Частини тіла людини,🍆,огірок,1
Частини тіла людини,🍆,оглобля,1
Частини тіла людини,🍆,одоробло,1
Частини тіла людини,🍆,орган,1
Частини тіла людини,🍆,пагін,1
Частини тіла людини,🍆,палиця,1
Частини тіла людини,🍆,паличка від чупа-чупс,0
Частини тіла людини,🍆,палка,1
Частини тіла людини,🍆,парасолька в чохлі,0
Частини тіла людини,🍆,парубок,1
Частини тіла людини,🍆,патик,1
Частини тіла людини,🍆,пеніс,1
Частини тіла людини,🍆,перець,1
Частини тіла людини,🍆,пецик,1
Частини тіла людини,🍆,пиздолом,1
Частини тіла людини,🍆,півник,1
Частини тіла людини,🍆,пінчук,1
Частини тіла людини,🍆,пінька,1
Частини тіла людини,🍆,піпа,1
Частини тіла людини,🍆,піпетка,1
Частини тіла людини,🍆,пістоль,1
Частини тіла людини,🍆,пістон,1
Частини тіла людини,🍆,пісюн,1
Частини тіла людини,🍆,піташок,1
Частини тіла людини,🍆,піца,1
Частини тіла людини,🍆,піцик,1
Частини тіла людини,🍆,піцка,1
Частини тіла людини,🍆,піцурина,1
Частини тіла людини,🍆,піцюрина,1
Частини тіла людини,🍆,піць,1
Частини тіла людини,🍆,пливак,1
Частини тіла людини,🍆,плід,1
Частини тіла людини,🍆,погашувач жаги,0
Частини тіла людини,🍆,поліно,1
Частини тіла людини,🍆,поршень,1
Частини тіла людини,🍆,посмик,1
Частини тіла людини,🍆,потак,1
Частини тіла людини,🍆,поц,1
Частини тіла людини,🍆,правило,1
Частини тіла людини,🍆,прироженє,1
Частини тіла людини,🍆,причандали,1
Частини тіла людини,🍆,прік,1
Частини тіла людини,🍆,пробойчик,1
Частини тіла людини,🍆,провертиле,1
Частини тіла людини,🍆,прометило,1
Частини тіла людини,🍆,прутень,1
Частини тіла людини,🍆,прутик,1
Частини тіла людини,🍆,пустун,1
Частини тіла людини,🍆,путо,1
Частини тіла людини,🍆,пуц,1
Частини тіла людини,🍆,пуцак,1
Частини тіла людини,🍆,пуцалін,1
Частини тіла людини,🍆,пуцилина,1
Частини тіла людини,🍆,пуцка,1
Частини тіла людини,🍆,пуцлик,1
Частини тіла людини,🍆,пуцька,1
Частини тіла людини,🍆,пуцько,1
Частини тіла людини,🍆,пуцюрина,1
Частини тіла людини,🍆,пуця,1
Частини тіла людини,🍆,пхач,1
Частини тіла людини,🍆,п'ята коротка нога,0
Частини тіла людини,🍆,рак-неборак,1
Частини тіла людини,🍆,рало,1
Частини тіла людини,🍆,ріг,1
Частини тіла людини,🍆,ріжок,1
Частини тіла людини,🍆,річ для дам,0
Частини тіла людини,🍆,робочий орган,0
Частини тіла людини,🍆,розбійник,1
Частини тіла людини,🍆,сафон,1
Частини тіла людини,🍆,середня нога,0
Частини тіла людини,🍆,сифон,1
Частини тіла людини,🍆,світоч,1
Частини тіла людини,🍆,сворінь,1
Частини тіла людини,🍆,славень,1
Частини тіла людини,🍆,слимак,1
Частини тіла людини,🍆,слушний палець,0
Частини тіла людини,🍆,смик,1
Частини тіла людини,🍆,смичок,1
Частини тіла людини,🍆,смолоскип,1
Частини тіла людини,🍆,соловей,1
Частини тіла людини,🍆,солодке,1
Частини тіла людини,🍆,сосиска,1
Частини тіла людини,🍆,спис,1
Частини тіла людини,🍆,сплюх,1
Частини тіла людини,🍆,справа,1
Частини тіла людини,🍆,статевий член,0
Частини тіла людини,🍆,стирчак,1
Частини тіла людини,🍆,стійкий олов'яний солдатик,0
Частини тіла людини,🍆,сторчак,1
Частини тіла людини,🍆,стояк,1
Частини тіла людини,🍆,стрижень,1
Частини тіла людини,🍆,струк,1
Частини тіла людини,🍆,стручок,1
Частини тіла людини,🍆,стрючок,1
Частини тіла людини,🍆,сустав,1
Частини тіла людини,🍆,сцюн,1
Частини тіла людини,🍆,табака,1
Частини тіла людини,🍆,табаченція,1
Частини тіла людини,🍆,таран,1
Частини тіла людини,🍆,та штука,0
Частини тіла людини,🍆,твердий цвяшок,0
Частини тіла людини,🍆,твердолобий,1
Частини тіла людини,🍆,те,1
Частини тіла людини,🍆,теліпон,1
Частини тіла людини,🍆,терорист,1
Частини тіла людини,🍆,тирлик,1
Частини тіла людини,🍆,тичина,1
Частини тіла людини,🍆,тіло,1
Частини тіла людини,🍆,тобарно,1
Частини тіла людини,🍆,товканик,1
Частини тіла людини,🍆,товкач,1
Частини тіла людини,🍆,товкачка,1
Частини тіла людини,🍆,той,1
Частини тіла людини,🍆,торпеда,1
Частини тіла людини,🍆,трач,1
Частини тіла людини,🍆,третя нога,0
Частини тіла людини,🍆,три букви,0
Частини тіла людини,🍆,тютя,1
Частини тіла людини,🍆,фалос,1
Частини тіла людини,🍆,фрагмент,1
Частини тіла людини,🍆,фуяра,1
Частини тіла людини,🍆,хабальчик,1
Частини тіла людини,🍆,хазяйство,1
Частини тіла людини,🍆,хвалько,1
Частини тіла людини,🍆,хер,1
Частини тіла людини,🍆,хрен,1
Частини тіла людини,🍆,хрін,1
Частини тіла людини,🍆,хуїна,1
Частини тіла людини,🍆,хуй,1
Частини тіла людини,🍆,цибух,1
Частини тіла людини,🍆,цурпалок,1
Частини тіла людини,🍆,цурупалок,1
Частини тіла людини,🍆,цюль,1
Частини тіла людини,🍆,цюндрик,1
Частини тіла людини,🍆,цюнька,1
Частини тіла людини,🍆,цюняша,1
Частини тіла людини,🍆,цюрка,1
Частини тіла людини,🍆,червоний брусок,0
Частини тіла людини,🍆,червоний буряк,0
Частини тіла людини,🍆,черв'як,1
Частини тіла людини,🍆,чечирка,1
Частини тіла людини,🍆,чіп,1
Частини тіла людини,🍆,член,1
Частини тіла людини,🍆,чоловіча гідність,0
Частини тіла людини,🍆,чоловіча гордість,0
Частини тіла людини,🍆,чоловіче достоїнство,0
Частини тіла людини,🍆,чоловічий дітотворник,0
Частини тіла людини,🍆,чоловічість,1
Частини тіла людини,🍆,чортів палець,0
Частини тіла людини,🍆,швач,1
Частини тіла людини,🍆,шворінь,1
Частини тіла людини,🍆,шило,1
Частини тіла людини,🍆,шишень,1
Частини тіла людини,🍆,шняга,1
Частини тіла людини,🍆,шпилька,1
Частини тіла людини,🍆,шпичка,1
Частини тіла людини,🍆,штик,1
Частини тіла людини,🍆,штрихайло,1
Частини тіла людини,🍆,штуковина,1
Частини тіла людини,🍆,штуцер,1
Частини тіла людини,🍆,штось спереду,0
Частини тіла людини,🍆,щось спереду,0
Частини тіла людини,🍆,щупак,1
Частини тіла людини,🍆,юрко,1
Частини тіла людини,🍆,ялда,1
Частини тіла людини,🍆,ялдак,1
Частини тіла людини,🍆,яринець,1
Частини тіла людини,💋,безодня,1
Частини тіла людини,💋,біда,1
Частини тіла людини,💋,бідка,1
Частини тіла людини,💋,бородата борода,0
Частини тіла людини,💋,вульгарна пройда,0
Частини тіла людини,💋,галка,1
Частини тіла людини,💋,гандила,1
Частини тіла людини,💋,горбик,1
Частини тіла людини,💋,грішне місце,0
Частини тіла людини,💋,гава,1
Частини тіла людини,💋,гига,1
Частини тіла людини,💋,давалка,1
Частини тіла людини,💋,дамська штука,0
Частини тіла людини,💋,дасиця,1
Частини тіла людини,💋,дзвінка,1
Частини тіла людини,💋,дзьора,1
Частини тіла людини,💋,дзюрка,1
Частини тіла людини,💋,дика троянда,0
Частини тіла людини,💋,долинка,1
Частини тіла людини,💋,дуняша,1
Частини тіла людини,💋,дупа,1
Частини тіла людини,💋,живиця,1
Частини тіла людини,💋,жіноче ремесло,0
Частини тіла людини,💋,жіноцьке ремесло,0
Частини тіла людини,💋,жіночий дітородник,0
Частини тіла людини,💋,жучка,1
Частини тіла людини,💋,🍑ниця,1
Частини тіла людини,💋,заплатонька,1
Частини тіла людини,💋,звізда,1
Частини тіла людини,💋,зірочка,1
Частини тіла людини,💋,интерес,1
Частини тіла людини,💋,йожик,1
Частини тіла людини,💋,кабака,1
Частини тіла людини,💋,каламаж,1
Частини тіла людини,💋,каплиця,1
Частини тіла людини,💋,капуста,1
Частини тіла людини,💋,капустенька,1
Частини тіла людини,💋,капустиця,1
Частини тіла людини,💋,капустичка,1
Частини тіла людини,💋,капустяне місце,0
Частини тіла людини,💋,кацамонія,1
Частини тіла людини,💋,коновочка,1
Частини тіла людини,💋,кудлатая ягничка,0
Частини тіла людини,💋,куна,1
Частини тіла людини,💋,кунка,1
Частини тіла людини,💋,куриця,1
Частини тіла людини,💋,курка,1
Частини тіла людини,💋,куцупенька,1
Частини тіла людини,💋,кучерява з вишенька,0
Частини тіла людини,💋,кучерява корона,0
Частини тіла людини,💋,кучерява м'яточка,0
Частини тіла людини,💋,кучерява петрушечка,0
Частини тіла людини,💋,кучерява соромітниця,0
Частини тіла людини,💋,кучерява яблунька,0
Частини тіла людини,💋,кучерявий кущик,0
Частини тіла людини,💋,леська,1
Частини тіла людини,💋,леся,1
Частини тіла людини,💋,лисичка-вертихвістка,1
Частини тіла людини,💋,лінива,1
Частини тіла людини,💋,лоно,1
Частини тіла людини,💋,магнітниця,1
Частини тіла людини,💋,мазничка,1
Частини тіла людини,💋,манда,1
Частини тіла людини,💋,мандоліна,1
Частини тіла людини,💋,манюрка,1
Частини тіла людини,💋,маруська,1
Частини тіла людини,💋,марфутка,1
Частини тіла людини,💋,махус,1
Частини тіла людини,💋,"мед, що спереду",0
Частини тіла людини,💋,медовиця,1
Частини тіла людини,💋,медок солоденький,0
Частини тіла людини,💋,минька,1
Частини тіла людини,💋,мицька,1
Частини тіла людини,💋,мичка,1
Частини тіла людини,💋,мізерниця,1
Частини тіла людини,💋,міністерство зовнішніх зносин,0
Частини тіла людини,💋,мондзя,1
Частини тіла людини,💋,мохнанька,1
Частини тіла людини,💋,мохнатка,1
Частини тіла людини,💋,навка,1
Частини тіла людини,💋,найсмачніше місце,0
Частини тіла людини,💋,неволя,1
Частини тіла людини,💋,нюрка,1
Частини тіла людини,💋,обизянка,1
Частини тіла людини,💋,одробинка,1
Частини тіла людини,💋,паляниця,1
Частини тіла людини,💋,паляничка,1
Частини тіла людини,💋,пампушка,1
Частини тіла людини,💋,паскуда,1
Частини тіла людини,💋,передок,1
Частини тіла людини,💋,передочок,1
Частини тіла людини,💋,пєрог,1
Частини тіла людини,💋,пиріг,1
Частини тіла людини,💋,пиріжок,1
Частини тіла людини,💋,пизда,1
Частини тіла людини,💋,пиздорай,1
Частини тіла людини,💋,пирожок,1
Частини тіла людини,💋,пича,1
Частини тіла людини,💋,пичина,1
Частини тіла людини,💋,пичка,1
Частини тіла людини,💋,підфартушниця,1
Частини тіла людини,💋,пілотка,1
Частини тіла людини,💋,піпка,1
Частини тіла людини,💋,піргили,1
Частини тіла людини,💋,піська,1
Частини тіла людини,💋,пісьоха,1
Частини тіла людини,💋,піся,1
Частини тіла людини,💋,пічка,1
Частини тіла людини,💋,плід,1
Частини тіла людини,💋,подруга,1
Частини тіла людини,💋,потерушка,1
Частини тіла людини,💋,потичка,1
Частини тіла людини,💋,потка,1
Частини тіла людини,💋,потчина,1
Частини тіла людини,💋,потя,1
Частини тіла людини,💋,поцка,1
Частини тіла людини,💋,поцька,1
Частини тіла людини,💋,президентка,1
Частини тіла людини,💋,принада,1
Частини тіла людини,💋,принадонька,1
Частини тіла людини,💋,прірва,1
Частини тіла людини,💋,пропасть,1
Частини тіла людини,💋,псюха,1
Частини тіла людини,💋,пташечка,1
Частини тіла людини,💋,пташка,1
Частини тіла людини,💋,птичка,1
Частини тіла людини,💋,птоха,1
Частини тіла людини,💋,птуха,1
Частини тіла людини,💋,пцьоха,1
Частини тіла людини,💋,ремесло,1
Частини тіла людини,💋,риба,1
Частини тіла людини,💋,ринка,1
Частини тіла людини,💋,розкіш,1
Частини тіла людини,💋,розкішниця,1
Частини тіла людини,💋,розчепіра,1
Частини тіла людини,💋,рута,1
Частини тіла людини,💋,сатана вусата,0
Частини тіла людини,💋,середина,1
Частини тіла людини,💋,сестричка,1
Частини тіла людини,💋,симонька,1
Частини тіла людини,💋,сковорідка,1
Частини тіла людини,💋,сковорода,1
Частини тіла людини,💋,смачненькая пампушечка,0
Частини тіла людини,💋,солодкая нчерешенька,0
Частини тіла людини,💋,соромне місце,0
Частини тіла людини,💋,спокусниця,1
Частини тіла людини,💋,срака,1
Частини тіла людини,💋,сухтя,1
Частини тіла людини,💋,табака,1
Частини тіла людини,💋,талотниця,1
Частини тіла людини,💋,тая,1
Частини тіла людини,💋,тая золотая,0
Частини тіла людини,💋,те,1
Частини тіла людини,💋,"те, з чого вода тече",0
Частини тіла людини,💋,тинди-ринди,1
Частини тіла людини,💋,тиндирличка,1
Частини тіла людини,💋,"тіло, з якого вода дзюркоче",0
Частини тіла людини,💋,транда,1
Частини тіла людини,💋,тріщина,1
Частини тіла людини,💋,троянда,1
Частини тіла людини,💋,тужлива,1
Частини тіла людини,💋,туха,1
Частини тіла людини,💋,тюндя,1
Частини тіла людини,💋,фоца,1
Частини тіла людини,💋,хайда,1
Частини тіла людини,💋,хамайда,1
Частини тіла людини,💋,харахонька,1
Частини тіла людини,💋,хтива,1
Частини тіла людини,💋,черепаха,1
Частини тіла людини,💋,черепашка,1
Частини тіла людини,💋,чмонка,1
Частини тіла людини,💋,чорна біда,0
Частини тіла людини,💋,чорна вовна,0
Частини тіла людини,💋,чорна книжка,0
Частини тіла людини,💋,чорна куна,0
Частини тіла людини,💋,чорна кунка,0
Частини тіла людини,💋,чорна латка,0
Частини тіла людини,💋,чорна рупа,0
Частини тіла людини,💋,чорненькая коровиця,0
Частини тіла людини,💋,чорненький значок,0
Частини тіла людини,💋,чорний пес,0
Частини тіла людини,💋,чорний святковий горбок,0
Частини тіла людини,💋,чорнобурка,1
Частини тіла людини,💋,чорнявка,1
Частини тіла людини,💋,чубатенька,1
Частини тіла людини,💋,шабатура,1
Частини тіла людини,💋,шандаманда,1
Частини тіла людини,💋,шелестьоха,1
Частини тіла людини,💋,шивлюха,1
Частини тіла людини,💋,шитлюха,1
Частини тіла людини,💋,шкатулочка,1
Частини тіла людини,💋,шмондзя,1
Частини тіла людини,💋,шмондя,1
Частини тіла людини,💋,шмонька,1
Частини тіла людини,💋,шмунька,1
Частини тіла людини,💋,штука,1
Частини тіла людини,💋,щось,1
Частини тіла людини,💋,яндола,1
Частини тіла людини,🍑🍆,геніталії,1
Частини тіла людини,🍑🍆,грішне тіло,0
Частини тіла людини,🍑🍆,кучеряві бешкетники,0
Частини тіла людини,🍑🍆,між ногами,0
Частини тіла людини,🍑🍆,нахабник,1
Частини тіла людини,🍑🍆,природа,1
Частини тіла людини,🍑🍆,природжіння,1
Частини тіла людини,🍑🍆,прироженє,1
Частини тіла людини,🍑🍆,прирожіні,1
Частини тіла людини,🍑🍆,прислів'я,1
Частини тіла людини,🍑🍆,сором,1
Частини тіла людини,🍑🍆,соромне місце,0
Частини тіла людини,🍑🍆,соромота,1
Частини тіла людини,🍑🍆,срамота,1
Частини тіла людини,🌮,банкомат між ногами,0
Частини тіла людини,🌮,баюра,1
Частини тіла людини,🌮,боденка,1
Частини тіла людини,🌮,болото,1
Частини тіла людини,🌮,бюджет,1
Частини тіла людини,🌮,ворота,1
Частини тіла людини,🌮,врата життя,0
Частини тіла людини,🌮,втулище,1
Частини тіла людини,🌮,гавань,1
Частини тіла людини,🌮,глаз,1
Частини тіла людини,🌮,глибокая копанка,0
Частини тіла людини,🌮,гніздо,1
Частини тіла людини,🌮,джерело,1
Частини тіла людини,🌮,дзьора,1
Частини тіла людини,🌮,дзюрка,1
Частини тіла людини,🌮,дім,1
Частини тіла людини,🌮,діра,1
Частини тіла людини,🌮,дірка,1
Частини тіла людини,🌮,дупельце,1
Частини тіла людини,🌮,дурносливка,1
Частини тіла людини,🌮,дучка,1
Частини тіла людини,🌮,едемна щілина,0
Частини тіла людини,🌮,золота комірка,0
Частини тіла людини,🌮,інтимна комірчина,0
Частини тіла людини,🌮,їжачок,1
Частини тіла людини,🌮,калабанька,1
Частини тіла людини,🌮,капуста,1
Частини тіла людини,🌮,капустенька,1
Частини тіла людини,🌮,капустиця,1
Частини тіла людини,🌮,капустичка,1
Частини тіла людини,🌮,капустяне місце,0
Частини тіла людини,🌮,краснослива,1
Частини тіла людини,🌮,криниця,1
Частини тіла людини,🌮,криниченька,1
Частини тіла людини,🌮,макітра,1
Частини тіла людини,🌮,настирлива,1
Частини тіла людини,🌮,нірка,1
Частини тіла людини,🌮,ополонка,1
Частини тіла людини,🌮,пастка,1
Частини тіла людини,🌮,пащека,1
Частини тіла людини,🌮,пекло,1
Частини тіла людини,🌮,піпка,1
Частини тіла людини,🌮,піхва,1
Частини тіла людини,🌮,похва,1
Частини тіла людини,🌮,риба,1
Частини тіла людини,🌮,розтята,1
Частини тіла людини,🌮,ружа,1
Частини тіла людини,🌮,свічкогас,1
Частини тіла людини,🌮,сикель,1
Частини тіла людини,🌮,секель,1
Частини тіла людини,🌮,скарбонка,1
Частини тіла людини,🌮,сліпа вулиця,0
Частини тіла людини,🌮,смаколик,1
Частини тіла людини,🌮,смоктачка,1
Частини тіла людини,🌮,стежиночка,1
Частини тіла людини,🌮,студник,1
Частини тіла людини,🌮,ступа,1
Частини тіла людини,🌮,тужлива,1
Частини тіла людини,🌮,ущелина втіхи,0
Частини тіла людини,🌮,фляшечка,1
Частини тіла людини,🌮,цьмакаюча,1
Частини тіла людини,🌮,чепурненька хатиночка,0
Частини тіла людини,🌮,чорна печінка,0
Частини тіла людини,🌮,чорна,1
Частини тіла людини,🌮,рупа,1
Частини тіла людини,🌮,щілина,1
Частини тіла людини,🌮,ямка,1
Частини тіла людини,🌮,ямочка,1
Частини тіла людини,🌮,ярочок,1
Частини тіла людини,🌰,вибухова кнопка,0
Частини тіла людини,🌰,вишенька,1
Частини тіла людини,🌰,горошина,1
Частини тіла людини,🌰,жемчужина,1
Частини тіла людини,🌰,живчик,1
Частини тіла людини,🌰,линдик,1
Частини тіла людини,🌰,намистина,1
Частини тіла людини,🌰,похітник,1
Частини тіла людини,🌰,пуп'янок,1
Частини тіла людини,🌰,пуцка,1
Частини тіла людини,🌰,пуцька,1
Частини тіла людини,🌰,семен,1
Частини тіла людини,🌰,сикель,1
Частини тіла людини,🌰,секель,1
Частини тіла людини,( • )( • ),балкон,1
Частини тіла людини,( • )( • ),бідони,1
Частини тіла людини,( • )( • ),бубі-лубі,1
Частини тіла людини,( • )( • ),буфера,1
Частини тіла людини,( • )( • ),вершина подвійного лотоса,0
Частини тіла людини,( • )( • ),відра,1
Частини тіла людини,( • )( • ),вуха,1
Частини тіла людини,( • )( • ),вуха спанієля,0
Частини тіла людини,( • )( • ),дині,1
Частини тіла людини,( • )( • ),дійниці,1
Частини тіла людини,( • )( • ),дойки,1
Частини тіла людини,( • )( • ),лимони,1
Частини тіла людини,( • )( • ),молокозавод,1
Частини тіла людини,( • )( • ),молочарня,1
Частини тіла людини,( • )( • ),молочна ферма,0
Частини тіла людини,( • )( • ),пазуха,1
Частини тіла людини,( • )( • ),патронташі,1
Частини тіла людини,( • )( • ),повна пазуха,0
Частини тіла людини,( • )( • ),прищики,1
Частини тіла людини,( • )( • ),цебра,1
Частини тіла людини,( • )( • ),центрифуга,1
Частини тіла людини,( • )( • ),цитрини,1
Частини тіла людини,( • )( • ),"циць, не гавкай",0
Частини тіла людини,( • )( • ),цицьки,1
Частини тіла людини,( • )( • ),циця,1
Частини тіла людини,( • )( • ),ціцерони,1
Частини тіла людини,( • )( • ),шари,1
Частини тіла людини,🥚🥚,абрикоси,1
Частини тіла людини,🥚🥚,вургили,1
Частини тіла людини,🥚🥚,гланди,1
Частини тіла людини,🥚🥚,груз,1
Частини тіла людини,🥚🥚,кайриси,1
Частини тіла людини,🥚🥚,мудо,1
Частини тіла людини,🥚🥚,отруки,1
Частини тіла людини,🥚🥚,помідори,1
Частини тіла людини,🥚🥚,шари,1
Частини тіла людини,🥚🥚,ядра,1
Частини тіла людини,🥚🥚,яйцола,1
Частини тіла людини,🥚🥚,яйця,1
Частини тіла людини,🍑,аеродром,1
Частини тіла людини,🍑,булки,1
Частини тіла людини,🍑,верстат,1
Частини тіла людини,🍑,вузиця,1
Частини тіла людини,🍑,гапка,1
Частини тіла людини,🍑,гармата,1
Частини тіла людини,🍑,гепа,1
Частини тіла людини,🍑,гола,1
Частини тіла людини,🍑,гузиця,1
Частини тіла людини,🍑,гузівка,1
Частини тіла людини,🍑,гузно,1
Частини тіла людини,🍑,гузняйка,1
Частини тіла людини,🍑,гуздно,1
Частини тіла людини,🍑,женя,1
Частини тіла людини,🍑,жопа,1
Частини тіла людини,🍑,🍑нє місце,0
Частини тіла людини,🍑,🍑ниця,1
Частини тіла людини,🍑,🍑ок,1
Частини тіла людини,🍑,куфер,1
Частини тіла людини,🍑,личко,1
Частини тіла людини,🍑,м'якуш,1
Частини тіла людини,🍑,пердан,1
Частини тіла людини,🍑,пердела,1
Частини тіла людини,🍑,пердило,1
Частини тіла людини,🍑,попа,1
Частини тіла людини,🍑,попаська,1
Частини тіла людини,🍑,попенгаген,1
Частини тіла людини,🍑,попінс,1
Частини тіла людини,🍑,попка,1
Частини тіла людини,🍑,п'ята точка,0
Частини тіла людини,🍑,ренджигло,1
Частини тіла людини,🍑,ренджитло,1
Частини тіла людини,🍑,сапа,1
Частини тіла людини,🍑,сідало,1
Частини тіла людини,🍑,сідниця,1
Частини тіла людини,🍑,срака,1
Частини тіла людини,🍑,срюндель,1
Частини тіла людини,🍑,станок,1
Частини тіла людини,🍑,стара пані,0
Частини тіла людини,🍑,стига,1
Частини тіла людини,🍑,тухес,1
Сексуальні дії,👉👌,акт,1
Сексуальні дії,👉👌,амурне спіткання,0
Сексуальні дії,👉👌,боже сохрани,0
Сексуальні дії,👉👌,боротьба під ковдрою,0
Сексуальні дії,👉👌,бум-бум,0
Сексуальні дії,👉👌,валушкем по,0
Сексуальні дії,👉👌,слімачку,1
Сексуальні дії,👉👌,господи помилуй,0
Сексуальні дії,👉👌,гріх,1
Сексуальні дії,👉👌,гедзалка,1
Сексуальні дії,👉👌,дзінь-дзінь,1
Сексуальні дії,👉👌,діло,1
Сексуальні дії,👉👌,злука,1
Сексуальні дії,👉👌,злягання,1
Сексуальні дії,👉👌,коїтус,1
Сексуальні дії,👉👌,копуляція,1
Сексуальні дії,👉👌,любов,1
Сексуальні дії,👉👌,нічне діло,0
Сексуальні дії,👉👌,нумер,1
Сексуальні дії,👉👌,опа-опа,1
Сексуальні дії,👉👌,оте,1
Сексуальні дії,👉👌,патиковий рух,0
Сексуальні дії,👉👌,перепих,1
Сексуальні дії,👉👌,перепихон,1
Сексуальні дії,👉👌,перепихончик,1
Сексуальні дії,👉👌,пересип,1
Сексуальні дії,👉👌,пила,1
Сексуальні дії,👉👌,пилка,1
Сексуальні дії,👉👌,пінг-понг,1
Сексуальні дії,👉👌,поїбень,1
Сексуальні дії,👉👌,поїбеньки,1
Сексуальні дії,👉👌,придибенція,1
Сексуальні дії,👉👌,процес,1
Сексуальні дії,👉👌,робота,1
Сексуальні дії,👉👌,священнодійство,1
Сексуальні дії,👉👌,совокуплення,1
Сексуальні дії,👉👌,справа,1
Сексуальні дії,👉👌,статеві стосунки,0
Сексуальні дії,👉👌,тілесний гріх,0
Сексуальні дії,👉👌,то ще Єва в раю уміла,0
Сексуальні дії,👉👌,трах,1
Сексуальні дії,👉👌,чотирибальний землетрус за шкалою трахтера,0
Сексуальні дії,👉👌,усі-пусі,1
Сексуальні дії,👉👌,фак,1
Сексуальні дії,👉👌,факт,1
Сексуальні дії,👉👌👈,бутерброд,1
Сексуальні дії,👉👌👈,групен-секс,1
Сексуальні дії,👉👌👈,груповичок,1
Сексуальні дії,👉👌👈,груповуха,1
Сексуальні дії,👉👌👈,груповушка,1
Сексуальні дії,👉👌👈,катрусин кінозал,0
Сексуальні дії,👉👌👈,колгосп,1
Сексуальні дії,👉👌👈,свінг,1
Сексуальні дії,👉👌👈,тічка,1
Сексуальні дії,👉👌👈,шведський бутерброд,0
Сексуальні дії,👉👌👈,швецію робити / зробити,0
Сексуальні дії,👉👌,бити ковбасою що спереду,0
Сексуальні дії,👉👌,брати / взяти тіло,0
Сексуальні дії,👉👌,брати до рук шаблю,0
Сексуальні дії,👉👌,був кіт на салі,0
Сексуальні дії,👉👌,побував кіт на салі,0
Сексуальні дії,👉👌,бути між ногами,0
Сексуальні дії,👉👌,вбертати,1
Сексуальні дії,👉👌,вгатити,1
Сексуальні дії,👉👌,вграти,1
Сексуальні дії,👉👌,вдарити нумер,0
Сексуальні дії,👉👌,везти дуба,0
Сексуальні дії,👉👌,вертіти дірку,0
Сексуальні дії,👉👌,вжарить,1
Сексуальні дії,👉👌,взути,1
Сексуальні дії,👉👌,вибити,1
Сексуальні дії,👉👌,виграти,1
Сексуальні дії,👉👌,виїбати,1
Сексуальні дії,👉👌,використовувати,1
Сексуальні дії,👉👌,використати,1
Сексуальні дії,👉👌,використовувати у горизонтальний спосіб,0
Сексуальні дії,👉👌,використати у горизонтальний спосіб,0
Сексуальні дії,👉👌,вилізти,1
Сексуальні дії,👉👌,вимахати,1
Сексуальні дії,👉👌,виорати,1
Сексуальні дії,👉👌,висмалити,1
Сексуальні дії,👉👌,вителепати,1
Сексуальні дії,👉👌,витовкти,1
Сексуальні дії,👉👌,витрапати,1
Сексуальні дії,👉👌,витрахати,1
Сексуальні дії,👉👌,витягти на себе,0
Сексуальні дії,👉👌,втягти на себе,0
Сексуальні дії,👉👌,затягти на себе,0
Сексуальні дії,👉👌,вихарити,1
Сексуальні дії,👉👌,вихатися,1
Сексуальні дії,👉👌,відгромадити,1
Сексуальні дії,👉👌,віджимати / віджати,0
Сексуальні дії,👉👌,відідрати,1
Сексуальні дії,👉👌,відмантачити,1
Сексуальні дії,👉👌,відмахати,1
Сексуальні дії,👉👌,відмолотити,1
Сексуальні дії,👉👌,відпердолити,1
Сексуальні дії,👉👌,відправити парастас,0
Сексуальні дії,👉👌,відфайдолити,1
Сексуальні дії,👉👌,відфалувати,1
Сексуальні дії,👉👌,відхарити,1
Сексуальні дії,👉👌,відшкворити,1
Сексуальні дії,👉👌,врізати січку,0
Сексуальні дії,👉👌,всадити,1
Сексуальні дії,👉👌,вставляти,1
Сексуальні дії,👉👌,вставити,1
Сексуальні дії,👉👌,вставляти пістон,0
Сексуальні дії,👉👌,вставити пістон,0
Сексуальні дії,👉👌,встромити,1
Сексуальні дії,👉👌,входити / увійти,0
Сексуальні дії,👉👌,гамселити,1
Сексуальні дії,👉👌,ганяти,1
Сексуальні дії,👉👌,ганяти стрижня,0
Сексуальні дії,👉👌,ганяти стрижнем,0
Сексуальні дії,👉👌,гарцювати,1
Сексуальні дії,👉👌,гилитися,1
Сексуальні дії,👉👌,гнати,1
Сексуальні дії,👉👌,гнути санки,0
Сексуальні дії,👉👌,говорити,1
Сексуальні дії,👉👌,гойдати,1
Сексуальні дії,👉👌,гомати,1
Сексуальні дії,👉👌,гопати,1
Сексуальні дії,👉👌,грати,1
Сексуальні дії,👉👌,грати в штрики-пісі,0
Сексуальні дії,👉👌,грати на бандурі,0
Сексуальні дії,👉👌,грати на волосянці,0
Сексуальні дії,👉👌,грати на гітарі,0
Сексуальні дії,👉👌,гребти,1
Сексуальні дії,👉👌,гримати,1
Сексуальні дії,👉👌,грішити,1
Сексуальні дії,👉👌,гедзатися,1
Сексуальні дії,👉👌,дати джмеля,0
Сексуальні дії,👉👌,дати джмелика,0
Сексуальні дії,👉👌,дати дуду,0
Сексуальні дії,👉👌,дерти,1
Сексуальні дії,👉👌,довбати,1
Сексуальні дії,👉👌,домити,1
Сексуальні дії,👉👌,драти,1
Сексуальні дії,👉👌,дригати,1
Сексуальні дії,👉👌,дриндати,1
Сексуальні дії,👉👌,дрючити,1
Сексуальні дії,👉👌,дрючка,1
Сексуальні дії,👉👌,заткнуть під шкурку,0
Сексуальні дії,👉👌,дурня загнать,0
Сексуальні дії,👉👌,дути,1
Сексуальні дії,👉👌,духопелити,1
Сексуальні дії,👉👌,душу закропити,0
Сексуальні дії,👉👌,жаліти,1
Сексуальні дії,👉👌,жарити,1
Сексуальні дії,👉👌,жаритися,1
Сексуальні дії,👉👌,жигати,1
Сексуальні дії,👉👌,жучити,1
Сексуальні дії,👉👌,забити рибу,0
Сексуальні дії,👉👌,завалювати,1
Сексуальні дії,👉👌,загузичити,1
Сексуальні дії,👉👌,🍑винути,1
Сексуальні дії,👉👌,🍑ерти ножку на Явдошку,0
Сексуальні дії,👉👌,🍑рочити,1
Сексуальні дії,👉👌,заїхати колісницею,0
Сексуальні дії,👉👌,зайванити кобіту,0
Сексуальні дії,👉👌,закалатати кобіту,0
Сексуальні дії,👉👌,займатися коханням,0
Сексуальні дії,👉👌,зайнятися коханням,0
Сексуальні дії,👉👌,займатися сексом,0
Сексуальні дії,👉👌,зайнятися сексом,0
Сексуальні дії,👉👌,зайнятися ділом,0
Сексуальні дії,👉👌,закаблучити,1
Сексуальні дії,👉👌,закваситипісюна,1
Сексуальні дії,👉👌,заложить,1
Сексуальні дії,👉👌,замочити гулю,0
Сексуальні дії,👉👌,поставити гулю,0
Сексуальні дії,👉👌,замочити пісюна,0
Сексуальні дії,👉👌,запеканчити,1
Сексуальні дії,👉👌,заперти,1
Сексуальні дії,👉👌,запихати / запхати,0
Сексуальні дії,👉👌,запичити,1
Сексуальні дії,👉👌,запузирювати / запузирити,0
Сексуальні дії,👉👌,засандалити,1
Сексуальні дії,👉👌,засувати / засунути,0
Сексуальні дії,👉👌,затикати,1
Сексуальні дії,👉👌,затикать,1
Сексуальні дії,👉👌,затирити,1
Сексуальні дії,👉👌,заткнути дурачка під шкірку,0
Сексуальні дії,👉👌,захуярити,1
Сексуальні дії,👉👌,зашивати,1
Сексуальні дії,👉👌,збивати масло,0
Сексуальні дії,👉👌,збити росу,0
Сексуальні дії,👉👌,зграндувати кобіту,0
Сексуальні дії,👉👌,зливатися / злитися в екстазі,0
Сексуальні дії,👉👌,їбати,1
Сексуальні дії,👉👌,єбати,1
Сексуальні дії,👉👌,їбнутися,1
Сексуальні дії,👉👌,їдрити,1
Сексуальні дії,👉👌,єдрити,1
Сексуальні дії,👉👌,їсти солонину,0
Сексуальні дії,👉👌,йобкати,1
Сексуальні дії,👉👌,кинути палку,0
Сексуальні дії,👉👌,вкинути палку,0
Сексуальні дії,👉👌,поставити палку,0
Сексуальні дії,👉👌,кінчик замочити,0
Сексуальні дії,👉👌,клепати косу,0
Сексуальні дії,👉👌,користувати,1
Сексуальні дії,👉👌,корінь попарити,0
Сексуальні дії,👉👌,корінь запарити,0
Сексуальні дії,👉👌,кохати,1
Сексуальні дії,👉👌,крупи дерти,0
Сексуальні дії,👉👌,лазити,1
Сексуальні дії,👉👌,лигатися,1
Сексуальні дії,👉👌,лізти,1
Сексуальні дії,👉👌,лізти між ноги,0
Сексуальні дії,👉👌,лікувати,1
Сексуальні дії,👉👌,лоскотати,1
Сексуальні дії,👉👌,любити,1
Сексуальні дії,👉👌,манати,1
Сексуальні дії,👉👌,мантачити,1
Сексуальні дії,👉👌,маститися,1
Сексуальні дії,👉👌,мати жінку,0
Сексуальні дії,👉👌,мати секс,0
Сексуальні дії,👉👌,матрасити,1
Сексуальні дії,👉👌,махатися,1
Сексуальні дії,👉👌,махать,1
Сексуальні дії,👉👌,метати ікру,0
Сексуальні дії,👉👌,молотити,1
Сексуальні дії,👉👌,мотузити,1
Сексуальні дії,👉👌,мочити / замочити пісюна,0
Сексуальні дії,👉👌,мусолити,1
Сексуальні дії,👉👌,наблочити,1
Сексуальні дії,👉👌,навернути,1
Сексуальні дії,👉👌,нагодувати,1
Сексуальні дії,👉👌,на голяса йти,0
Сексуальні дії,👉👌,надіти,1
Сексуальні дії,👉👌,наряджати диво,0
Сексуальні дії,👉👌,насідати,1
Сексуальні дії,👉👌,настромити,1
Сексуальні дії,👉👌,натягувати / натягнути,0
Сексуальні дії,👉👌,нахитувати,1
Сексуальні дії,👉👌,на цілого йти,0
Сексуальні дії,👉👌,наярювати,1
Сексуальні дії,👉👌,ночувати,1
Сексуальні дії,👉👌,обробити,1
Сексуальні дії,👉👌,обслуговувати,1
Сексуальні дії,👉👌,оволодіти,1
Сексуальні дії,👉👌,одділати,1
Сексуальні дії,👉👌,орати,1
Сексуальні дії,👉👌,орати нивку,0
Сексуальні дії,👉👌,орати своє поле,0
Сексуальні дії,👉👌,осідлати,1
Сексуальні дії,👉👌,оформити,1
Сексуальні дії,👉👌,парити,1
Сексуальні дії,👉👌,парити живіт,0
Сексуальні дії,👉👌,патичити,1
Сексуальні дії,👉👌,пахати,1
Сексуальні дії,👉👌,педрати,1
Сексуальні дії,👉👌,пекти,1
Сексуальні дії,👉👌,пердолити,1
Сексуальні дії,👉👌,перебити чорну вовну,0
Сексуальні дії,👉👌,перекинути,1
Сексуальні дії,👉👌,перепихнутися,1
Сексуальні дії,👉👌,переспати,1
Сексуальні дії,👉👌,періщити,1
Сексуальні дії,👉👌,перти,1
Сексуальні дії,👉👌,перчити,1
Сексуальні дії,👉👌,печеню покраяти,0
Сексуальні дії,👉👌,пизди зажити,0
Сексуальні дії,👉👌,пилососити,1
Сексуальні дії,👉👌,пилувати,1
Сексуальні дії,👉👌,пиляти,1
Сексуальні дії,👉👌,пихати,1
Сексуальні дії,👉👌,пичити,1
Сексуальні дії,👉👌,пичитися,1
Сексуальні дії,👉👌,пичкуватися,1
Сексуальні дії,👉👌,підмахувати / підмахнути,0
Сексуальні дії,👉👌,піжити,1
Сексуальні дії,👉👌,пежити,1
Сексуальні дії,👉👌,пізнати,1
Сексуальні дії,👉👌,пізнатися,1
Сексуальні дії,👉👌,піктися,1
Сексуальні дії,👉👌,пірити,1
Сексуальні дії,👉👌,пістоль поставити,0
Сексуальні дії,👉👌,повалити на череві дуба,0
Сексуальні дії,👉👌,погилитися,1
Сексуальні дії,👉👌,погнати,1
Сексуальні дії,👉👌,погойдатися,1
Сексуальні дії,👉👌,погримати,1
Сексуальні дії,👉👌,позабавитися,1
Сексуальні дії,👉👌,поїбати,1
Сексуальні дії,👉👌,поїбатися,1
Сексуальні дії,👉👌,поїхати,1
Сексуальні дії,👉👌,поколоти,1
Сексуальні дії,👉👌,покропити,1
Сексуальні дії,👉👌,полірувати торпеду,0
Сексуальні дії,👉👌,попарити животину,0
Сексуальні дії,👉👌,попахати табаки,0
Сексуальні дії,👉👌,по перогу вдарити,0
Сексуальні дії,👉👌,попихати,1
Сексуальні дії,👉👌,попихати дівчат,0
Сексуальні дії,👉👌,попікати,1
Сексуальні дії,👉👌,попікати дівчат,0
Сексуальні дії,👉👌,порати,1
Сексуальні дії,👉👌,поратися,1
Сексуальні дії,👉👌,пороти,1
Сексуальні дії,👉👌,поротися,1
Сексуальні дії,👉👌,поставити,1
Сексуальні дії,👉👌,поставити нумерок,0
Сексуальні дії,👉👌,поставити палку,0
Сексуальні дії,👉👌,поставити патик,0
Сексуальні дії,👉👌,поставити,1
Сексуальні дії,👉👌,потку натягати,0
Сексуальні дії,👉👌,потку попарити,0
Сексуальні дії,👉👌,потолочити,1
Сексуальні дії,👉👌,потоптати,1
Сексуальні дії,👉👌,поцьку всрать,0
Сексуальні дії,👉👌,пошмаляти,1
Сексуальні дії,👉👌,пошморгати,1
Сексуальні дії,👉👌,пошолопати,1
Сексуальні дії,👉👌,поштрикатися,1
Сексуальні дії,👉👌,пощугати в пизду,0
Сексуальні дії,👉👌,працювати,1
Сексуальні дії,👉👌,прижилитися,1
Сексуальні дії,👉👌,приймати / прийняти мужчину,0
Сексуальні дії,👉👌,приймати / прийняти прутня,0
Сексуальні дії,👉👌,примудькатися,1
Сексуальні дії,👉👌,пробивати,1
Сексуальні дії,👉👌,продавати сухі раки,0
Сексуальні дії,👉👌,пропердолити,1
Сексуальні дії,👉👌,пропихнутися,1
Сексуальні дії,👉👌,прополоти руту-м'яту,0
Сексуальні дії,👉👌,прочищать,1
Сексуальні дії,👉👌,пуцувати,1
Сексуальні дії,👉👌,пхати,1
Сексуальні дії,👉👌,пхатися,1
Сексуальні дії,👉👌,рачити,1
Сексуальні дії,👉👌,рибу варити,0
Сексуальні дії,👉👌,рибу забити,0
Сексуальні дії,👉👌,рибу пекти,0
Сексуальні дії,👉👌,рипати,1
Сексуальні дії,👉👌,різати кобіту,0
Сексуальні дії,👉👌,перерізати кобіту,0
Сексуальні дії,👉👌,різати січку,0
Сексуальні дії,👉👌,робити в плахті перебори,0
Сексуальні дії,👉👌,робити,1
Сексуальні дії,👉👌,робити іменини,0
Сексуальні дії,👉👌,робити оте,0
Сексуальні дії,👉👌,робити тілесний гріх,0
Сексуальні дії,👉👌,робити тую роботу,0
Сексуальні дії,👉👌,робити це,0
Сексуальні дії,👉👌,робити чик-чик,0
Сексуальні дії,👉👌,робити чоловічу роботу,0
Сексуальні дії,👉👌,роз'їбати,1
Сексуальні дії,👉👌,розмовляти,1
Сексуальні дії,👉👌,розмочити сухар,0
Сексуальні дії,👉👌,розслабитися,1
Сексуальні дії,👉👌,рухатися,1
Сексуальні дії,👉👌,сексуватися,1
Сексуальні дії,👉👌,сідлати,1
Сексуальні дії,👉👌,сікти бабу,0
Сексуальні дії,👉👌,сіно громадити,0
Сексуальні дії,👉👌,смикатися,1
Сексуальні дії,👉👌,совати колодку,0
Сексуальні дії,👉👌,совокнутися,1
Сексуальні дії,👉👌,согрішити,1
Сексуальні дії,👉👌,спати,1
Сексуальні дії,👉👌,спекти,1
Сексуальні дії,👉👌,спіймати бобра,0
Сексуальні дії,👉👌,сполучатися,1
Сексуальні дії,👉👌,ставити нумер,0
Сексуальні дії,👉👌,ставити нумерок,0
Сексуальні дії,👉👌,ставити патик,0
Сексуальні дії,👉👌,поставити нумер,0
Сексуальні дії,👉👌,поставити нумерок,0
Сексуальні дії,👉👌,поставити патик,0
Сексуальні дії,👉👌,стати в борозну,0
Сексуальні дії,👉👌,стрибати,1
Сексуальні дії,👉👌,сунути,1
Сексуальні дії,👉👌,сунутися,1
Сексуальні дії,👉👌,сягнути під коліна,0
Сексуальні дії,👉👌,танцювати у чотири коліна,0
Сексуальні дії,👉👌,танцювати у чотири коліна кадриль,0
Сексуальні дії,👉👌,тарахнути,1
Сексуальні дії,👉👌,терти крупи,0
Сексуальні дії,👉👌,терти мак,0
Сексуальні дії,👉👌,терти коноплі,0
Сексуальні дії,👉👌,тертися,1
Сексуальні дії,👉👌,тикати,1
Сексуальні дії,👉👌,тикатися,1
Сексуальні дії,👉👌,тиснути,1
Сексуальні дії,👉👌,тичити,1
Сексуальні дії,👉👌,товкти,1
Сексуальні дії,👉👌,топтати,1
Сексуальні дії,👉👌,торкати / торкнути,0
Сексуальні дії,👉👌,трахати / трахнути,0
Сексуальні дії,👉👌,трахатися,1
Сексуальні дії,👉👌,трахі-трахі,1
Сексуальні дії,👉👌,трахкатися,1
Сексуальні дії,👉👌,тріснути,1
Сексуальні дії,👉👌,тулитися,1
Сексуальні дії,👉👌,тягати,1
Сексуальні дії,👉👌,тягнути,1
Сексуальні дії,👉👌,увихуватися / увихатися,0
Сексуальні дії,👉👌,ударити,1
Сексуальні дії,👉👌,узнути,1
Сексуальні дії,👉👌,уйобувати,1
Сексуальні дії,👉👌,уїбати,1
Сексуальні дії,👉👌,уєбати,1
Сексуальні дії,👉👌,утнути,1
Сексуальні дії,👉👌,утовкти перцю,0
Сексуальні дії,👉👌,файдолити,1
Сексуальні дії,👉👌,факатися,1
Сексуальні дії,👉👌,фачитися,1
Сексуальні дії,👉👌,фестивалити,1
Сексуальні дії,👉👌,фонтан зробити,0
Сексуальні дії,👉👌,харити,1
Сексуальні дії,👉👌,хендожити,1
Сексуальні дії,👉👌,хитати юрту,0
Сексуальні дії,👉👌,хитатися,1
Сексуальні дії,👉👌,ховатися під вербами,0
Сексуальні дії,👉👌,ходити,1
Сексуальні дії,👉👌,ходити в будяки,0
Сексуальні дії,👉👌,ходити в бузину,0
Сексуальні дії,👉👌,ходити в жито,0
Сексуальні дії,👉👌,цюпцяти,1
Сексуальні дії,👉👌,чесатися,1
Сексуальні дії,👉👌,чмулити,1
Сексуальні дії,👉👌,чубити,1
Сексуальні дії,👉👌,чухрати,1
Сексуальні дії,👉👌,шваркнути,1
Сексуальні дії,👉👌,Швецію робити,0
Сексуальні дії,👉👌,шворитися,1
Сексуальні дії,👉👌,шишку мочити / помочити,0
Сексуальні дії,👉👌,шкрумадити,1
Сексуальні дії,👉👌,шмигнути,1
Сексуальні дії,👉👌,шмондати кобіту,0
Сексуальні дії,👉👌,шморгати / шморгнути,0
Сексуальні дії,👉👌,шморгатися,1
Сексуальні дії,👉👌,шмуляти,1
Сексуальні дії,👉👌,шпарити,1
Сексуальні дії,👉👌,шпилити,1
Сексуальні дії,👉👌,шпилитися,1
Сексуальні дії,👉👌,шпіліндрикатися / шпіліндрикнутися,0
Сексуальні дії,👉👌,шпіляти,1
Сексуальні дії,👉👌,шпокати / шпокнути,0
Сексуальні дії,👉👌,шпріцувати,1
Сексуальні дії,👉👌,штанами накрити,0
Сексуальні дії,👉👌,штрикати,1
Сексуальні дії,👉👌,штуркати,1
Сексуальні дії,👉👌,шурдигати,1
Сексуальні дії,👉👌,шуркатися,1
Сексуальні дії,👉👌,юбати,1
Сексуальні дії,👉👌,ябати,1
Сексуальні дії,👉👌,яйця підкотити,0
Сексуальні дії,👉👌,якорити,1
Сексуальні дії,Інтенсивне здійснення статевого акту,аж дим з пизди іде,0
Сексуальні дії,Інтенсивне здійснення статевого акту,аж іскри з пизди сиплються,0
Сексуальні дії,Інтенсивне здійснення статевого акту,аж пизда трясеться,0
Сексуальні дії,Інтенсивне здійснення статевого акту,"виграти, як Сидорову козу",0
Сексуальні дії,Інтенсивне здійснення статевого акту,вставити по самі гланди,0
Сексуальні дії,Інтенсивне здійснення статевого акту,дерти як мавпа газету,0
Сексуальні дії,Інтенсивне здійснення статевого акту,заїбати в доску,0
Сексуальні дії,Інтенсивне здійснення статевого акту,заїбати в пень,0
Сексуальні дії,Інтенсивне здійснення статевого акту,засадити по самі гланди,0
Сексуальні дії,Інтенсивне здійснення статевого акту,засупонити по саме нікуди,0
Сексуальні дії,Інтенсивне здійснення статевого акту,трахатися в усі дірки,0
Сексуальні дії,Інтенсивне здійснення статевого акту,трахнути по самі бакенбарди,0
Сексуальні дії,Інтенсивне здійснення статевого акту,усадити по [самі] яйця,0
Сексуальні дії,Інтенсивне здійснення статевого акту,усі меблі в пизді поростручувати,0
Сексуальні дії,Позбавити дівчину цнотливости,зайняти,1
Сексуальні дії,Позбавити дівчину цнотливости,закобітити,1
Сексуальні дії,Позбавити дівчину цнотливости,зіпсувати,1
Сексуальні дії,Позбавити дівчину цнотливости,ламати / зламати червону калину,0
Сексуальні дії,Позбавити дівчину цнотливости,ламати / зламати цілку,0
Сексуальні дії,Позбавити дівчину цнотливости,пелену покраснити,0
Сексуальні дії,Позбавити дівчину цнотливости,привітати з Восьмим березня,0
Сексуальні дії,Позбавити дівчину цнотливости,пробити,1
Сексуальні дії,Позбавити дівчину цнотливости,продірявити,1
Сексуальні дії,Позбавити дівчину цнотливости,проколоти,1
Сексуальні дії,Позбавити дівчину цнотливости,пропороти дівочість,0
Сексуальні дії,Позбавити дівчину цнотливости,псувати,1
Сексуальні дії,Позбавити дівчину цнотливости,пуститипоруках,1
Сексуальні дії,Позбавити дівчину цнотливости,розправічити,1
Сексуальні дії,Позбавити дівчину цнотливости,спаскудити,1
Сексуальні дії,Позбавити дівчину цнотливости,фартух роздерти,0
Сексуальні дії,Позбавити дівчину цнотливости,цілину орати,0
Сексуальні дії,Погоджуватись на 👉👌 (про жінку),виконувати жіночу повинність,0
Сексуальні дії,Погоджуватись на 👉👌 (про жінку),давати / дати,0
Сексуальні дії,Погоджуватись на 👉👌 (про жінку),давати їсти,0
Сексуальні дії,Погоджуватись на 👉👌 (про жінку),дати ласки з-під запаски,0
Сексуальні дії,Погоджуватись на 👉👌 (про жінку),дати риби,0
Сексуальні дії,Погоджуватись на 👉👌 (про жінку),допускати до поділка,0
Сексуальні дії,Погоджуватись на 👉👌 (про жінку),заголити пупок,0
Сексуальні дії,Погоджуватись на 👉👌 (про жінку),підмахнути,1
Сексуальні дії,Погоджуватись на 👉👌 (про жінку),піти у гречку,0
Сексуальні дії,Погоджуватись на 👉👌 (про жінку),пустити стелитися,0
Сексуальні дії,"Запліднити жінку, здійснюючи 👉👌",вчинити,1
Сексуальні дії,"Запліднити жінку, здійснюючи 👉👌",забабахати,1
Сексуальні дії,"Запліднити жінку, здійснюючи 👉👌",запузатити,1
Сексуальні дії,"Запліднити жінку, здійснюючи 👉👌",змахати бенькарта кобіті,0
Сексуальні дії,"Запліднити жінку, здійснюючи 👉👌",зробити,1
Сексуальні дії,"Запліднити жінку, здійснюючи 👉👌",зробити дитину,0
Сексуальні дії,"Запліднити жінку, здійснюючи 👉👌",зробити лялю,0
Сексуальні дії,"Запліднити жінку, здійснюючи 👉👌",клепати / наклепати дітей,0
Сексуальні дії,"Запліднити жінку, здійснюючи 👉👌",нагопати,1
Сексуальні дії,"Запліднити жінку, здійснюючи 👉👌",скувати дитину,0
Сексуальні дії,"Запліднити жінку, здійснюючи 👉👌",справити,1
Сексуальні дії,"Запліднити жінку, здійснюючи 👉👌",черевину зробити,0
Сексуальні дії,Завагітніти і народити дитину поза шлюбом,вітром надуло,0
Сексуальні дії,Завагітніти і народити дитину поза шлюбом,набігати [дитину],0
Сексуальні дії,Завагітніти і народити дитину поза шлюбом,нагуляти,1
Сексуальні дії,Завагітніти і народити дитину поза шлюбом,пригуляти,1
Сексуальні дії,Завагітніти і народити дитину поза шлюбом,прижити,1
Сексуальні дії,Завагітніти і народити дитину поза шлюбом,принести в пелені [дитину],0
Сексуальні дії,Завагітніти і народити дитину поза шлюбом,приносити / принести в подолі,0
Сексуальні дії,Завагітніти і народити дитину поза шлюбом,сквозняком продуло,0
Сексуальні дії,Завагітніти і народити дитину поза шлюбом,скурвитися,1
Сексуальні дії,Стан ерекції,бенус стойчус,0
Сексуальні дії,Стан ерекції,встати,1
Сексуальні дії,Стан ерекції,гриб,1
Сексуальні дії,Стан ерекції,дубитися,1
Сексуальні дії,Стан ерекції,🍑ерти головку,0
Сексуальні дії,Стан ерекції,підвести головку,0
Сексуальні дії,Стан ерекції,здиблюватися / здибитися,0
Сексуальні дії,Стан ерекції,кінь дибки стає,0
Сексуальні дії,Стан ерекції,настомбурчитися,1
Сексуальні дії,Стан ерекції,настопорчитися,1
Сексуальні дії,Стан ерекції,патик,1
Сексуальні дії,Стан ерекції,показувати на дванадцять,0
Сексуальні дії,Стан ерекції,спускатися,1
Сексуальні дії,Стан ерекції,стати,1
Сексуальні дії,Стан ерекції,стати дубом,0
Сексуальні дії,Стан ерекції,стояти,1
Сексуальні дії,Стан ерекції,хуй стоїть,0
Сексуальні дії,Відсутність ерекції у чоловіка,висячка,1
Сексуальні дії,Відсутність ерекції у чоловіка,дармовис,1
Сексуальні дії,Відсутність ерекції у чоловіка,нерухомість,1
Сексуальні дії,Відсутність ерекції у чоловіка,неспособний,1
Сексуальні дії,Відсутність ерекції у чоловіка,нестоячка,1
Сексуальні дії,Відсутність ерекції у чоловіка,показувати на півшостої,0
Сексуальні дії,Відсутність ерекції у чоловіка,порожній,1
Сексуальні дії,Відсутність ерекції у чоловіка,хуй не встає / не встане,0
Сексуальні дії,Оргазм,вибух,1
Сексуальні дії,Оргазм,вибухнути,1
Сексуальні дії,Оргазм,досягти піку,0
Сексуальні дії,Оргазм,кінчати / кінчити,0
Сексуальні дії,Оргазм,найбільша розкіш,0
Сексуальні дії,Оргазм,прихід прийшов,0
Сексуальні дії,Оргазм,спускати / спустити,0
Сексуальні дії,Оргазм,циркнути,1
Сексуальні дії,Мастурбація,онанізм,1
Сексуальні дії,Мастурбація,рукоблудство,1
Сексуальні дії,Мастурбація,солодійство,1
Сексуальні дії,Мастурбація,стегноблудіє,1
Сексуальні дії,Мастурбувати,бити масло,0
Сексуальні дії,Мастурбувати,більярд катати,0
Сексуальні дії,Мастурбувати,ганяти лисого,0
Сексуальні дії,Мастурбувати,ганяти шкурку,0
Сексуальні дії,Мастурбувати,"гуляй рука, балдій пісюн",0
Сексуальні дії,Мастурбувати,драконити,1
Сексуальні дії,Мастурбувати,драти горобця,0
Сексуальні дії,Мастурбувати,дрочити,1
Сексуальні дії,Мастурбувати,загравати зі змієм,0
Сексуальні дії,Мастурбувати,з кулаком на віру жити,0
Сексуальні дії,Мастурбувати,капуцина рубати,0
Сексуальні дії,Мастурбувати,малахвію трусити,0
Сексуальні дії,Мастурбувати,полірувати торпеду,0
Сексуальні дії,Мастурбувати,шари ганяти,0
Виконавці сексуальних дій,Лесбіянка,баба з яйцями,0
Виконавці сексуальних дій,Лесбіянка,лесба,1
Виконавці сексуальних дій,Лесбіянка,лесбі,1
Виконавці сексуальних дій,Лесбіянка,лесбійка,1
Виконавці сексуальних дій,Лесбіянка,лесбо,1
Виконавці сексуальних дій,Лесбіянка,лесбос,1
Виконавці сексуальних дій,Лесбіянка,лесбуха,1
Виконавці сексуальних дій,Лесбіянка,фема,1
Виконавці сексуальних дій,Гомосексуаліст,баба з яйцями,0
Виконавці сексуальних дій,Гомосексуаліст,батон,1
Виконавці сексуальних дій,Гомосексуаліст,бузерант,1
Виконавці сексуальних дій,Гомосексуаліст,голубий,1
Виконавці сексуальних дій,Гомосексуаліст,гом,1
Виконавці сексуальних дій,Гомосексуаліст,гомо,1
Виконавці сексуальних дій,Гомосексуаліст,гомосек,1
Виконавці сексуальних дій,Гомосексуаліст,жопушник,1
Виконавці сексуальних дій,Гомосексуаліст,педераст,1
Виконавці сексуальних дій,Гомосексуаліст,педик,1
Виконавці сексуальних дій,Гомосексуаліст,педрило,1
Виконавці сексуальних дій,Гомосексуаліст,півень,1
Виконавці сексуальних дій,Гомосексуаліст,підар,1
Виконавці сексуальних дій,Гомосексуаліст,підарас,1
Виконавці сексуальних дій,Чоловік як статевий партнер жінки,єбак,1
Виконавці сексуальних дій,Чоловік як статевий партнер жінки,єбун,1
Виконавці сексуальних дій,Чоловік як статевий партнер жінки,їбак,1
Виконавці сексуальних дій,Чоловік як статевий партнер жінки,йобар,1
Виконавці сексуальних дій,Чоловік як статевий партнер жінки,партнер,1
Виконавці сексуальних дій,Чоловік як статевий партнер жінки,сексуальний партнер,0
Виконавці сексуальних дій,Чоловік як статевий партнер жінки,статевий партнер,0
Виконавці сексуальних дій,Жінка як статева партнерка чоловіка,драчка,1
Виконавці сексуальних дій,Жінка як статева партнерка чоловіка,дупа,1
Виконавці сексуальних дій,Жінка як статева партнерка чоловіка,курка,1
Виконавці сексуальних дій,Жінка як статева партнерка чоловіка,сексуальна партнерка,0
Виконавці сексуальних дій,Жінка як статева партнерка чоловіка,статева партнерка,0
Виконавці сексуальних дій,Жінка як статева партнерка чоловіка,соратниця,1
Виконавці сексуальних дій,Жінка як статева партнерка чоловіка,срака,1
Виконавці сексуальних дій,Жінка як статева партнерка чоловіка,фраєрка,1
Виконавці сексуальних дій,Жінка як статева партнерка чоловіка,харіус,1
Назви осіб за сексуальними характеристиками,Про людину з високою статевою потенцією,єбливий,1
Назви осіб за сексуальними характеристиками,Про людину з високою статевою потенцією,зайобистий,1
Назви осіб за сексуальними характеристиками,Про людину з високою статевою потенцією,злоїбучий,1
Назви осіб за сексуальними характеристиками,Про людину з високою статевою потенцією,їбкий,1
Назви осіб за сексуальними характеристиками,Про людину з високою статевою потенцією,їбливий,1
Назви осіб за сексуальними характеристиками,Про людину з високою статевою потенцією,їбучий,1
Назви осіб за сексуальними характеристиками,Про людину з високою статевою потенцією,сексомашина,1
Назви осіб за сексуальними характеристиками,Про чоловіка з високою статевою потенцією,єбак,1
Назви осіб за сексуальними характеристиками,Про чоловіка з високою статевою потенцією,здоровий як мудь,0
Назви осіб за сексуальними характеристиками,Про чоловіка з високою статевою потенцією,їбак,1
Назви осіб за сексуальними характеристиками,Про чоловіка з високою статевою потенцією,сперматозавр,1
Назви осіб за сексуальними характеристиками,Про чоловіка з високою статевою потенцією,трахаль,1
Назви осіб за сексуальними характеристиками,Про чоловіка з високою статевою потенцією,хуятий,1
Назви осіб за сексуальними характеристиками,Іімпотент,бездєтух,1
Назви осіб за сексуальними характеристиками,Іімпотент,гелун,1
Назви осіб за сексуальними характеристиками,Іімпотент,куряк,1
Назви осіб за сексуальними характеристиками,Іімпотент,мудак,1
Назви осіб за сексуальними характеристиками,Іімпотент,мудь недолугий,0
Назви осіб за сексуальними характеристиками,Іімпотент,негодний,1
Назви осіб за сексуальними характеристиками,Іімпотент,негодяй,1
Назви осіб за сексуальними характеристиками,Іімпотент,нездалий,1
Назви осіб за сексуальними характеристиками,Іімпотент,нездатний,1
Назви осіб за сексуальними характеристиками,Іімпотент,нездольний до гріха,0
Назви осіб за сексуальними характеристиками,Іімпотент,нема пасти в тюбику,0
Назви осіб за сексуальними характеристиками,Іімпотент,нентер,1
Назви осіб за сексуальними характеристиками,Іімпотент,нерознак,1
Назви осіб за сексуальними характеристиками,Іімпотент,неспособний,1
Назви осіб за сексуальними характеристиками,Іімпотент,нещімний,1
Назви осіб за сексуальними характеристиками,Іімпотент,патик,1
Назви осіб за сексуальними характеристиками,Іімпотент,стара дупа,0
Назви осіб за сексуальними характеристиками,Іімпотент,старий прик,0
Назви осіб і явищ за соціоетичними параметрами сексуальної поведінки,Жінка легкої поведінки,амазонка,1
Назви осіб і явищ за соціоетичними параметрами сексуальної поведінки,Жінка легкої поведінки,батон,1
Назви осіб і явищ за соціоетичними параметрами сексуальної поведінки,Жінка легкої поведінки,бахурка,1
Назви осіб і явищ за соціоетичними параметрами сексуальної поведінки,Жінка легкої поведінки,башолда,1
Назви осіб і явищ за соціоетичними параметрами сексуальної поведінки,Жінка легкої поведінки,беззаконка,1
Назви осіб і явищ за соціоетичними параметрами сексуальної поведінки,Жінка легкої поведінки,бецалка,1
Назви осіб і явищ за соціоетичними параметрами сексуальної поведінки,Жінка легкої поведінки,бікса,1
Назви осіб і явищ за соціоетичними параметрами сексуальної поведінки,Жінка легкої поведінки,блудниця,1
Назви осіб і явищ за соціоетичними параметрами сексуальної поведінки,Жінка легкої поведінки,блудниця вавилонська,0
Назви осіб і явищ за соціоетичними параметрами сексуальної поведінки,Жінка легкої поведінки,буляндра,1
Назви осіб і явищ за соціоетичними параметрами сексуальної поведінки,Жінка легкої поведінки,вертихвістка,1
Назви осіб і явищ за соціоетичними параметрами сексуальної поведінки,Жінка легкої поведінки,гейда,1
Назви осіб і явищ за соціоетичними параметрами сексуальної поведінки,Жінка легкої поведінки,гукля,1
Назви осіб і явищ за соціоетичними параметрами сексуальної поведінки,Жінка легкої поведінки,давалка,1
Назви осіб і явищ за соціоетичними параметрами сексуальної поведінки,Жінка легкої поведінки,дримба,1
Назви осіб і явищ за соціоетичними параметрами сексуальної поведінки,Жінка легкої поведінки,заволока,1
Назви осіб і явищ за соціоетичними параметрами сексуальної поведінки,Жінка легкої поведінки,кішка,1
Назви осіб і явищ за соціоетичними параметрами сексуальної поведінки,Жінка легкої поведінки,коза драна,0
Назви осіб і явищ за соціоетичними параметрами сексуальної поведінки,Жінка легкої поведінки,кольба,1
Назви осіб і явищ за соціоетичними параметрами сексуальної поведінки,Жінка легкої поведінки,курва,1
Назви осіб і явищ за соціоетичними параметрами сексуальної поведінки,Жінка легкої поведінки,курдибалянс,1
Назви осіб і явищ за соціоетичними параметрами сексуальної поведінки,Жінка легкої поведінки,курдимоль,1
Назви осіб і явищ за соціоетичними параметрами сексуальної поведінки,Жінка легкої поведінки,лахудра,1
Назви осіб і явищ за соціоетичними параметрами сексуальної поведінки,Жінка легкої поведінки,легка,1
Назви осіб і явищ за соціоетичними параметрами сексуальної поведінки,Жінка легкої поведінки,лихованка,1
Назви осіб і явищ за соціоетичними параметрами сексуальної поведінки,Жінка легкої поведінки,лотра,1
Назви осіб і явищ за соціоетичними параметрами сексуальної поведінки,Жінка легкої поведінки,льотра,1
Назви осіб і явищ за соціоетичними параметрами сексуальної поведінки,Жінка легкої поведінки,льорва,1
Назви осіб і явищ за соціоетичними параметрами сексуальної поведінки,Жінка легкої поведінки,льотка,1
Назви осіб і явищ за соціоетичними параметрами сексуальної поведінки,Жінка легкої поведінки,льофа,1
Назви осіб і явищ за соціоетичними параметрами сексуальної поведінки,Жінка легкої поведінки,льоха,1
Назви осіб і явищ за соціоетичними параметрами сексуальної поведінки,Жінка легкої поведінки,лярва,1
Назви осіб і явищ за соціоетичними параметрами сексуальної поведінки,Жінка легкої поведінки,мандрьоха,1
Назви осіб і явищ за соціоетичними параметрами сексуальної поведінки,Жінка легкої поведінки,матрац,1
Назви осіб і явищ за соціоетичними параметрами сексуальної поведінки,Жінка легкої поведінки,матрас,1
Назви осіб і явищ за соціоетичними параметрами сексуальної поведінки,Жінка легкої поведінки,месаліна,1
Назви осіб і явищ за соціоетичними параметрами сексуальної поведінки,Жінка легкої поведінки,паплюга,1
Назви осіб і явищ за соціоетичними параметрами сексуальної поведінки,Жінка легкої поведінки,паскуда,1
Назви осіб і явищ за соціоетичними параметрами сексуальної поведінки,Жінка легкої поведінки,пизда рвана,0
Назви осіб і явищ за соціоетичними параметрами сексуальної поведінки,Жінка легкої поведінки,пирка,1
Назви осіб і явищ за соціоетичними параметрами сексуальної поведінки,Жінка легкої поведінки,пичодайка,1
Назви осіб і явищ за соціоетичними параметрами сексуальної поведінки,Жінка легкої поведінки,підстилка,1
Назви осіб і явищ за соціоетичними параметрами сексуальної поведінки,Жінка легкої поведінки,піпетка триперна,0
Назви осіб і явищ за соціоетичними параметрами сексуальної поведінки,Жінка легкої поведінки,ропуха триперна,0
Назви осіб і явищ за соціоетичними параметрами сексуальної поведінки,Жінка легкої поведінки,публіка,1
Назви осіб і явищ за соціоетичними параметрами сексуальної поведінки,Жінка легкої поведінки,повія,1
Назви осіб і явищ за соціоетичними параметрами сексуальної поведінки,Жінка легкої поведінки,поволока,1
Назви осіб і явищ за соціоетичними параметрами сексуальної поведінки,Жінка легкої поведінки,подушка,1
Назви осіб і явищ за соціоетичними параметрами сексуальної поведінки,Жінка легкої поведінки,пойда,1
Назви осіб і явищ за соціоетичними параметрами сексуальної поведінки,Жінка легкої поведінки,потягуха,1
Назви осіб і явищ за соціоетичними параметрами сексуальної поведінки,Жінка легкої поведінки,правічка на вухо,0
Назви осіб і явищ за соціоетичними параметрами сексуальної поведінки,Жінка легкої поведінки,прибічна / бокова сестра,0
Назви осіб і явищ за соціоетичними параметрами сексуальної поведінки,Жінка легкої поведінки,придзиглянка,1
Назви осіб і явищ за соціоетичними параметрами сексуальної поведінки,Жінка легкої поведінки,проститутка,1
Назви осіб і явищ за соціоетичними параметрами сексуальної поведінки,Жінка легкої поведінки,прошмандовка,1
Назви осіб і явищ за соціоетичними параметрами сексуальної поведінки,Жінка легкої поведінки,римунда,1
Назви осіб і явищ за соціоетичними параметрами сексуальної поведінки,Жінка легкої поведінки,розвера,1
Назви осіб і явищ за соціоетичними параметрами сексуальної поведінки,Жінка легкої поведінки,розетка,1
Назви осіб і явищ за соціоетичними параметрами сексуальної поведінки,Жінка легкої поведінки,розпусниця,1
Назви осіб і явищ за соціоетичними параметрами сексуальної поведінки,Жінка легкої поведінки,розтіпаха,1
Назви осіб і явищ за соціоетичними параметрами сексуальної поведінки,Жінка легкої поведінки,свиня,1
Назви осіб і явищ за соціоетичними параметрами сексуальної поведінки,Жінка легкої поведінки,сітра,1
Назви осіб і явищ за соціоетичними параметрами сексуальної поведінки,Жінка легкої поведінки,сетра,1
Назви осіб і явищ за соціоетичними параметрами сексуальної поведінки,Жінка легкої поведінки,скотина,1
Назви осіб і явищ за соціоетичними параметрами сексуальної поведінки,Жінка легкої поведінки,сонце,1
Назви осіб і явищ за соціоетичними параметрами сексуальної поведінки,Жінка легкої поведінки,сука,1
Назви осіб і явищ за соціоетичними параметрами сексуальної поведінки,Жінка легкої поведінки,сучка,1
Назви осіб і явищ за соціоетичними параметрами сексуальної поведінки,Жінка легкої поведінки,торба,1
Назви осіб і явищ за соціоетичними параметрами сексуальної поведінки,Жінка легкої поведінки,файда,1
Назви осіб і явищ за соціоетичними параметрами сексуальної поведінки,Жінка легкої поведінки,фіндюрка,1
Назви осіб і явищ за соціоетичними параметрами сексуальної поведінки,Жінка легкої поведінки,фірдзя,1
Назви осіб і явищ за соціоетичними параметрами сексуальної поведінки,Жінка легкої поведінки,фойда,1
Назви осіб і явищ за соціоетичними параметрами сексуальної поведінки,Жінка легкої поведінки,хвойда,1
Назви осіб і явищ за соціоетичними параметрами сексуальної поведінки,Жінка легкої поведінки,хуна,1
Назви осіб і явищ за соціоетичними параметрами сексуальної поведінки,Жінка легкої поведінки,шалава,1
Назви осіб і явищ за соціоетичними параметрами сексуальної поведінки,Жінка легкої поведінки,шалашовка,1
Назви осіб і явищ за соціоетичними параметрами сексуальної поведінки,Жінка легкої поведінки,шкура,1
Назви осіб і явищ за соціоетичними параметрами сексуальної поведінки,Жінка легкої поведінки,шльондра,1
Назви осіб і явищ за соціоетичними параметрами сексуальної поведінки,Жінка легкої поведінки,шльоха,1
Назви осіб і явищ за соціоетичними параметрами сексуальної поведінки,Жінка легкої поведінки,шлюндра,1
Назви осіб і явищ за соціоетичними параметрами сексуальної поведінки,Жінка легкої поведінки,шлюха,1
Назви осіб і явищ за соціоетичними параметрами сексуальної поведінки,Жінка легкої поведінки,шмара,1
Назви осіб і явищ за соціоетичними параметрами сексуальної поведінки,Жінка легкої поведінки,ярижниця,1
Назви осіб і явищ за соціоетичними параметрами сексуальної поведінки,"Чоловік, схильний до залицяння до жінок",бабій,1
Назви осіб і явищ за соціоетичними параметрами сексуальної поведінки,"Чоловік, схильний до залицяння до жінок",бабодур,1
Назви осіб і явищ за соціоетичними параметрами сексуальної поведінки,"Чоловік, схильний до залицяння до жінок",баболюб,1
Назви осіб і явищ за соціоетичними параметрами сексуальної поведінки,"Чоловік, схильний до залицяння до жінок",бахур,1
Назви осіб і явищ за соціоетичними параметрами сексуальної поведінки,"Чоловік, схильний до залицяння до жінок",бахуруватий,1
Назви осіб і явищ за соціоетичними параметрами сексуальної поведінки,"Чоловік, схильний до залицяння до жінок",белькун,1
Назви осіб і явищ за соціоетичними параметрами сексуальної поведінки,"Чоловік, схильний до залицяння до жінок",бик-заплідник,1
Назви осіб і явищ за соціоетичними параметрами сексуальної поведінки,"Чоловік, схильний до залицяння до жінок",блудник,1
Назви осіб і явищ за соціоетичними параметрами сексуальної поведінки,"Чоловік, схильний до залицяння до жінок",блудодій,1
Назви осіб і явищ за соціоетичними параметрами сексуальної поведінки,"Чоловік, схильний до залицяння до жінок",блядун,1
Назви осіб і явищ за соціоетичними параметрами сексуальної поведінки,"Чоловік, схильний до залицяння до жінок",бугай,1
Назви осіб і явищ за соціоетичними параметрами сексуальної поведінки,"Чоловік, схильний до залицяння до жінок",гультяй,1
Назви осіб і явищ за соціоетичними параметрами сексуальної поведінки,"Чоловік, схильний до залицяння до жінок",гуляка,1
Назви осіб і явищ за соціоетичними параметрами сексуальної поведінки,"Чоловік, схильний до залицяння до жінок",джигун,1
Назви осіб і явищ за соціоетичними параметрами сексуальної поведінки,"Чоловік, схильний до залицяння до жінок",дзюндзик,1
Назви осіб і явищ за соціоетичними параметрами сексуальної поведінки,"Чоловік, схильний до залицяння до жінок",донжуан,1
Назви осіб і явищ за соціоетичними параметрами сексуальної поведінки,"Чоловік, схильний до залицяння до жінок",жеребець,1
Назви осіб і явищ за соціоетичними параметрами сексуальної поведінки,"Чоловік, схильний до залицяння до жінок",жижлик,1
Назви осіб і явищ за соціоетичними параметрами сексуальної поведінки,"Чоловік, схильний до залицяння до жінок",зберезник,1
Назви осіб і явищ за соціоетичними параметрами сексуальної поведінки,"Чоловік, схильний до залицяння до жінок",кабан,1
Назви осіб і явищ за соціоетичними параметрами сексуальної поведінки,"Чоловік, схильний до залицяння до жінок",казанова,1
Назви осіб і явищ за соціоетичними параметрами сексуальної поведінки,"Чоловік, схильний до залицяння до жінок",кнур,1
Назви осіб і явищ за соціоетичними параметрами сексуальної поведінки,"Чоловік, схильний до залицяння до жінок",кобелино,1
Назви осіб і явищ за соціоетичними параметрами сексуальної поведінки,"Чоловік, схильний до залицяння до жінок",кобель,1
Назви осіб і явищ за соціоетичними параметрами сексуальної поведінки,"Чоловік, схильний до залицяння до жінок",козел,1
Назви осіб і явищ за соціоетичними параметрами сексуальної поведінки,"Чоловік, схильний до залицяння до жінок",курваль,1
Назви осіб і явищ за соціоетичними параметрами сексуальної поведінки,"Чоловік, схильний до залицяння до жінок",курвань,1
Назви осіб і явищ за соціоетичними параметрами сексуальної поведінки,"Чоловік, схильний до залицяння до жінок",курвій,1
Назви осіб і явищ за соціоетичними параметрами сексуальної поведінки,"Чоловік, схильний до залицяння до жінок",курвінець,1
Назви осіб і явищ за соціоетичними параметрами сексуальної поведінки,"Чоловік, схильний до залицяння до жінок",лабузник,1
Назви осіб і явищ за соціоетичними параметрами сексуальної поведінки,"Чоловік, схильний до залицяння до жінок",лихованець,1
Назви осіб і явищ за соціоетичними параметрами сексуальної поведінки,"Чоловік, схильний до залицяння до жінок",ловелас,1
Назви осіб і явищ за соціоетичними параметрами сексуальної поведінки,"Чоловік, схильний до залицяння до жінок",мацьорник,1
Назви осіб і явищ за соціоетичними параметрами сексуальної поведінки,"Чоловік, схильний до залицяння до жінок",мужик,1
Назви осіб і явищ за соціоетичними параметрами сексуальної поведінки,"Чоловік, схильний до залицяння до жінок",пиздограй,1
Назви осіб і явищ за соціоетичними параметрами сексуальної поведінки,"Чоловік, схильний до залицяння до жінок",пиздойоб,1
Назви осіб і явищ за соціоетичними параметрами сексуальної поведінки,"Чоловік, схильний до залицяння до жінок",потаскун,1
Назви осіб і явищ за соціоетичними параметрами сексуальної поведінки,"Чоловік, схильний до залицяння до жінок",роз'їбай,1
Назви осіб і явищ за соціоетичними параметрами сексуальної поведінки,"Чоловік, схильний до залицяння до жінок",розпутник,1
Назви осіб і явищ за соціоетичними параметрами сексуальної поведінки,"Чоловік, схильний до залицяння до жінок",спідничник,1
Назви осіб і явищ за соціоетичними параметрами сексуальної поведінки,"Чоловік, схильний до залицяння до жінок",трахаль,1
Назви осіб і явищ за соціоетичними параметрами сексуальної поведінки,"Чоловік, схильний до залицяння до жінок",трахальник,1
Назви осіб і явищ за соціоетичними параметрами сексуальної поведінки,"Чоловік, схильний до залицяння до жінок",тягайло,1
Назви осіб і явищ за соціоетичними параметрами сексуальної поведінки,"Чоловік, схильний до залицяння до жінок",фраєр,1
Назви осіб і явищ за соціоетичними параметрами сексуальної поведінки,"Чоловік, схильний до залицяння до жінок",хендожнік,1
Назви осіб і явищ за соціоетичними параметрами сексуальної поведінки,"Чоловік, схильний до залицяння до жінок",хуй,1
Назви осіб і явищ за соціоетичними параметрами сексуальної поведінки,Коханка,баба,1
Назви осіб і явищ за соціоетичними параметрами сексуальної поведінки,Коханка,бахурка,1
Назви осіб і явищ за соціоетичними параметрами сексуальної поведінки,Коханка,зазнобка,1
Назви осіб і явищ за соціоетичними параметрами сексуальної поведінки,Коханка,кондомниця,1
Назви осіб і явищ за соціоетичними параметрами сексуальної поведінки,Коханка,конкубіна,1
Назви осіб і явищ за соціоетичними параметрами сексуальної поведінки,Коханка,кузинка,1
Назви осіб і явищ за соціоетичними параметрами сексуальної поведінки,Коханка,курва,1
Назви осіб і явищ за соціоетичними параметрами сексуальної поведінки,Коханка,любаска,1
Назви осіб і явищ за соціоетичними параметрами сексуальної поведінки,Коханка,ляфіринда,1
Назви осіб і явищ за соціоетичними параметрами сексуальної поведінки,Коханка,маруха,1
Назви осіб і явищ за соціоетичними параметрами сексуальної поведінки,Коханка,наложниця,1
Назви осіб і явищ за соціоетичними параметрами сексуальної поведінки,Коханка,пепеже,1
Назви осіб і явищ за соціоетичними параметрами сексуальної поведінки,Коханка,підбічниця,1
Назви осіб і явищ за соціоетичними параметрами сексуальної поведінки,Коханка,підложниця,1
Назви осіб і явищ за соціоетичними параметрами сексуальної поведінки,Коханка,підстилка,1
Назви осіб і явищ за соціоетичними параметрами сексуальної поведінки,Коханка,полюбовниця,1
Назви осіб і явищ за соціоетичними параметрами сексуальної поведінки,Коханка,прибічна сестра,0
Назви осіб і явищ за соціоетичними параметрами сексуальної поведінки,Коханка,бокова сестра,0
Назви осіб і явищ за соціоетичними параметрами сексуальної поведінки,Коханка,сестра з Остра,0
Назви осіб і явищ за соціоетичними параметрами сексуальної поведінки,Коханка,фраєрка,1
Назви осіб і явищ за соціоетичними параметрами сексуальної поведінки,Коханка,хабалиця,1
Назви осіб і явищ за соціоетичними параметрами сексуальної поведінки,Коханка,харка,1
Назви осіб і явищ за соціоетичними параметрами сексуальної поведінки,Коханець,бахур,1
Назви осіб і явищ за соціоетичними параметрами сексуальної поведінки,Коханець,бойфренд,1
Назви осіб і явищ за соціоетичними параметрами сексуальної поведінки,Коханець,єбак,1
Назви осіб і явищ за соціоетичними параметрами сексуальної поведінки,Коханець,єбака,1
Назви осіб і явищ за соціоетичними параметрами сексуальної поведінки,Коханець,єбун,1
Назви осіб і явищ за соціоетичними параметрами сексуальної поведінки,Коханець,їбак,1
Назви осіб і явищ за соціоетичними параметрами сексуальної поведінки,Коханець,йобар,1
Назви осіб і явищ за соціоетичними параметрами сексуальної поведінки,Коханець,кіт,1
Назви осіб і явищ за соціоетичними параметрами сексуальної поведінки,Коханець,коханець,1
Назви осіб і явищ за соціоетичними параметрами сексуальної поведінки,Коханець,любас,1
Назви осіб і явищ за соціоетичними параметрами сексуальної поведінки,Коханець,любко,1
Назви осіб і явищ за соціоетичними параметрами сексуальної поведінки,Коханець,полюбовник,1
Назви осіб і явищ за соціоетичними параметрами сексуальної поведінки,Коханець,спонсор,1
Назви осіб і явищ за соціоетичними параметрами сексуальної поведінки,Коханець,сутенер,1
Назви осіб і явищ за соціоетичними параметрами сексуальної поведінки,Коханець,фраєр,1
Назви осіб і явищ за соціоетичними параметрами сексуальної поведінки,Коханець,фразір,1
Назви осіб і явищ за соціоетичними параметрами сексуальної поведінки,"Дівчина, яка зберегла дівочу цноту",берегти / зберегти себе,0
Назви осіб і явищ за соціоетичними параметрами сексуальної поведінки,"Дівчина, яка зберегла дівочу цноту",вінок доносити,0
Назви осіб і явищ за соціоетичними параметрами сексуальної поведінки,"Дівчина, яка зберегла дівочу цноту",віночок доносити,0
Назви осіб і явищ за соціоетичними параметрами сексуальної поведінки,"Дівчина, яка зберегла дівочу цноту",дєвочка,1
Назви осіб і явищ за соціоетичними параметрами сексуальної поведінки,"Дівчина, яка зберегла дівочу цноту",законниця,1
Назви осіб і явищ за соціоетичними параметрами сексуальної поведінки,"Дівчина, яка зберегла дівочу цноту",зашита,1
Назви осіб і явищ за соціоетичними параметрами сексуальної поведінки,"Дівчина, яка зберегла дівочу цноту",калина,1
Назви осіб і явищ за соціоетичними параметрами сексуальної поведінки,"Дівчина, яка зберегла дівочу цноту",не ворушена,0
Назви осіб і явищ за соціоетичними параметрами сексуальної поведінки,"Дівчина, яка зберегла дівочу цноту",не почата,0
Назви осіб і явищ за соціоетичними параметрами сексуальної поведінки,"Дівчина, яка зберегла дівочу цноту",пломба,1
Назви осіб і явищ за соціоетичними параметрами сексуальної поведінки,"Дівчина, яка зберегла дівочу цноту",правічка,1
Назви осіб і явищ за соціоетичними параметрами сексуальної поведінки,"Дівчина, яка зберегла дівочу цноту",свіжина,1
Назви осіб і явищ за соціоетичними параметрами сексуальної поведінки,"Дівчина, яка зберегла дівочу цноту",целка,1
Назви осіб і явищ за соціоетичними параметрами сексуальної поведінки,"Дівчина, яка зберегла дівочу цноту",ціла,1
Назви осіб і явищ за соціоетичними параметрами сексуальної поведінки,"Дівчина, яка зберегла дівочу цноту",цілка,1
Назви осіб і явищ за соціоетичними параметрами сексуальної поведінки,"Дівчина, яка зберегла дівочу цноту",цілка-патріотка,1
Назви осіб і явищ за соціоетичними параметрами сексуальної поведінки,"Дівчина, яка зберегла дівочу цноту",цілушка,1
Назви осіб і явищ за соціоетичними параметрами сексуальної поведінки,"Дівчина, яка зберегла дівочу цноту",чесна,1
Назви осіб і явищ за соціоетичними параметрами сексуальної поведінки,"Дівчина, яка зберегла дівочу цноту",чисте жіноцтво,0
Назви осіб і явищ за соціоетичними параметрами сексуальної поведінки,"Дівчина, яка не зберегла дівочу цноту",беззаконка,1
Назви осіб і явищ за соціоетичними параметрами сексуальної поведінки,"Дівчина, яка не зберегла дівочу цноту",вінок втратити,0
Назви осіб і явищ за соціоетичними параметрами сексуальної поведінки,"Дівчина, яка не зберегла дівочу цноту",вінок загубити,0
Назви осіб і явищ за соціоетичними параметрами сексуальної поведінки,"Дівчина, яка не зберегла дівочу цноту",вінок потеряти,0
Назви осіб і явищ за соціоетичними параметрами сексуальної поведінки,"Дівчина, яка не зберегла дівочу цноту",віночок втратити,0
Назви осіб і явищ за соціоетичними параметрами сексуальної поведінки,"Дівчина, яка не зберегла дівочу цноту",віночок загубити,0
Назви осіб і явищ за соціоетичними параметрами сексуальної поведінки,"Дівчина, яка не зберегла дівочу цноту",віночок потеряти,0
Назви осіб і явищ за соціоетичними параметрами сексуальної поведінки,"Дівчина, яка не зберегла дівочу цноту",дірявка,1
Назви осіб і явищ за соціоетичними параметрами сексуальної поведінки,"Дівчина, яка не зберегла дівочу цноту",загубити честь,0
Назви осіб і явищ за соціоетичними параметрами сексуальної поведінки,"Дівчина, яка не зберегла дівочу цноту",збавлена,1
Назви осіб і явищ за соціоетичними параметрами сексуальної поведінки,"Дівчина, яка не зберегла дівочу цноту",з гріхом,0
Назви осіб і явищ за соціоетичними параметрами сексуальної поведінки,"Дівчина, яка не зберегла дівочу цноту",зламана калина,0
Назви осіб і явищ за соціоетичними параметрами сексуальної поведінки,"Дівчина, яка не зберегла дівочу цноту",попсована,1
Назви осіб і явищ за соціоетичними параметрами сексуальної поведінки,"Дівчина, яка не зберегла дівочу цноту",почата,1
Назви осіб і явищ за соціоетичними параметрами сексуальної поведінки,"Дівчина, яка не зберегла дівочу цноту",столочений квітник,0
Назви осіб і явищ за соціоетичними параметрами сексуальної поведінки,"Дівчина, яка не зберегла дівочу цноту",фартух замочити,0
Назви осіб і явищ за соціоетичними параметрами сексуальної поведінки,"Дівчина, яка не зберегла дівочу цноту",хвартух замочити,0
Назви осіб і явищ за соціоетичними параметрами сексуальної поведінки,Незаконнонароджена дитина,байстрюк,1
Назви осіб і явищ за соціоетичними параметрами сексуальної поведінки,Незаконнонароджена дитина,бахур,1
Назви осіб і явищ за соціоетичними параметрами сексуальної поведінки,Незаконнонароджена дитина,бенькарт,1
Назви осіб і явищ за соціоетичними параметрами сексуальної поведінки,Незаконнонароджена дитина,виблядок,1
Назви осіб і явищ за соціоетичними параметрами сексуальної поведінки,Незаконнонароджена дитина,десь там зроблений,0
Назви осіб і явищ за соціоетичними параметрами сексуальної поведінки,Незаконнонароджена дитина,жировий,1
Назви осіб і явищ за соціоетичними параметрами сексуальної поведінки,Незаконнонароджена дитина,кропивник,1
Назви осіб і явищ за соціоетичними параметрами сексуальної поведінки,Незаконнонароджена дитина,нагулянець,1
Назви осіб і явищ за соціоетичними параметрами сексуальної поведінки,Незаконнонароджена дитина,найдух,1
Назви осіб і явищ за соціоетичними параметрами сексуальної поведінки,Незаконнонароджена дитина,неправого ложа,0
Назви осіб і явищ за соціоетичними параметрами сексуальної поведінки,Незаконнонароджена дитина,самосійний,1
Назви осіб і явищ за соціоетичними параметрами сексуальної поведінки,Статева розпуста,блуд,1
Назви осіб і явищ за соціоетичними параметрами сексуальної поведінки,Статева розпуста,блудство,1
Назви осіб і явищ за соціоетичними параметрами сексуальної поведінки,Статева розпуста,блядки,1
Назви осіб і явищ за соціоетичними параметрами сексуальної поведінки,Статева розпуста,блядохід,1
Назви осіб і явищ за соціоетичними параметрами сексуальної поведінки,Статева розпуста,блядство,1
Назви осіб і явищ за соціоетичними параметрами сексуальної поведінки,Статева розпуста,куревство,1
Назви осіб і явищ за соціоетичними параметрами сексуальної поведінки,Статева розпуста,лиховань,1
Назви осіб і явищ за соціоетичними параметрами сексуальної поведінки,Статева розпуста,походеньки,1
Назви осіб і явищ за соціоетичними параметрами сексуальної поведінки,Статева розпуста,сексуальні походеньки,0
Назви осіб і явищ за соціоетичними параметрами сексуальної поведінки,Подружня зрада,бігати по кущах,0
Назви осіб і явищ за соціоетичними параметрами сексуальної поведінки,Подружня зрада,блудом ходити,0
Назви осіб і явищ за соціоетичними параметрами сексуальної поведінки,Подружня зрада,грішити,1
Назви осіб і явищ за соціоетичними параметрами сексуальної поведінки,Подружня зрада,жити в гріху,0
Назви осіб і явищ за соціоетичними параметрами сексуальної поведінки,Подружня зрада,заглядати до курника,0
Назви осіб і явищ за соціоетичними параметрами сексуальної поведінки,Подружня зрада,податися на любов,0
Назви осіб і явищ за соціоетичними параметрами сексуальної поведінки,Подружня зрада,працювати в другу зміну,0
Назви осіб і явищ за соціоетичними параметрами сексуальної поведінки,Подружня зрада,працювати в третю зміну,0
Назви осіб і явищ за соціоетичними параметрами сексуальної поведінки,Подружня зрада,працювати в четверту зміну,0
Назви осіб і явищ за соціоетичними параметрами сексуальної поведінки,Подружня зрада,проблукати в бур'янах,0
Назви осіб і явищ за соціоетичними параметрами сексуальної поведінки,Подружня зрада,скакати в гречку,0
Назви осіб і явищ за соціоетичними параметрами сексуальної поведінки,Подружня зрада,стрибати в гречку,0
Назви осіб і явищ за соціоетичними параметрами сексуальної поведінки,Подружня зрада,согрішити,1
Назви осіб і явищ за соціоетичними параметрами сексуальної поведінки,Подружня зрада,суниці,1
Назви осіб і явищ за соціоетичними параметрами сексуальної поведінки,Подружня зрада,сягати в очерет,0
Назви осіб і явищ за соціоетичними параметрами сексуальної поведінки,Подружня зрада,топтати гречку,0
Назви осіб і явищ за соціоетичними параметрами сексуальної поведінки,Подружня зрада,ходити наліво,0
Назви осіб і явищ за соціоетичними параметрами сексуальної поведінки,Подружня зрада,фіглі-міглі,1
Назви осіб і явищ за соціоетичними параметрами сексуальної поведінки,"Подружня зрада, тільки про чоловіка",бугаювати,1
Назви осіб і явищ за соціоетичними параметрами сексуальної поведінки,"Подружня зрада, тільки про чоловіка",волосся обтерти об чужі подушки,0
Назви осіб і явищ за соціоетичними параметрами сексуальної поведінки,"Подружня зрада, тільки про чоловіка",з рибалки носити копчену рибу,0
Назви осіб і явищ за соціоетичними параметрами сексуальної поведінки,"Подружня зрада, тільки про чоловіка",ходити по чужих городах,0
Назви осіб і явищ за соціоетичними параметрами сексуальної поведінки,"Подружня зрада, тільки про жінку",великого хвоста мати,0
Назви осіб і явищ за соціоетичними параметрами сексуальної поведінки,"Подружня зрада, тільки про жінку",козла за роги водити,0
Назви осіб і явищ за соціоетичними параметрами сексуальної поведінки,"Подружня зрада, тільки про жінку",наставляти / наставити роги,0
Назви осіб і явищ за соціоетичними параметрами сексуальної поведінки,"Подружня зрада, тільки про жінку",пускатися,1
Назви осіб і явищ за соціоетичними параметрами сексуальної поведінки,"Подружня зрада, тільки про жінку",пускати фарбу,0
Назви осіб і явищ за соціоетичними параметрами сексуальної поведінки,"Подружня зрада, тільки про жінку",чайника повісити,0
Сексуальні професії,Повія,бе,1
Сексуальні професії,Повія,бедка,1
Сексуальні професії,Повія,бельха,1
Сексуальні професії,Повія,бендюжина,1
Сексуальні професії,Повія,бецалка,1
Сексуальні професії,Повія,бікса,1
Сексуальні професії,Повія,блудяжка,1
Сексуальні професії,Повія,бля,1
Сексуальні професії,Повія,блядво,1
Сексуальні професії,Повія,блядина,1
Сексуальні професії,Повія,блядка,1
Сексуальні професії,Повія,блядюга,1
Сексуальні професії,Повія,блядюжка,1
Сексуальні професії,Повія,блядь,1
Сексуальні професії,Повія,бляха,1
Сексуальні професії,Повія,вулична,1
Сексуальні професії,Повія,жінка,1
Сексуальні професії,Повія,гавнюшка,1
Сексуальні професії,Повія,гетера,1
Сексуальні професії,Повія,дзюнька,1
Сексуальні професії,Повія,дризда,1
Сексуальні професії,Повія,жінка легкої поведінки,0
Сексуальні професії,Повія,жриця [купованого],0
Сексуальні професії,Повія,кохання,1
Сексуальні професії,Повія,🍑рига,1
Сексуальні професії,Повія,злоїбучка,1
Сексуальні професії,Повія,їбалка,1
Сексуальні професії,Повія,клізма,1
Сексуальні професії,Повія,курва,1
Сексуальні професії,Повія,лахудра,1
Сексуальні професії,Повія,льотка,1
Сексуальні професії,Повія,лярва,1
Сексуальні професії,Повія,лярвина,1
Сексуальні професії,Повія,ляфіринда,1
Сексуальні професії,Повія,мацьора,1
Сексуальні професії,Повія,нечта,1
Сексуальні професії,Повія,нешта,1
Сексуальні професії,Повія,ніхто,1
Сексуальні професії,Повія,ніхтолиця,1
Сексуальні професії,Повія,паплюга,1
Сексуальні професії,Повія,підстилка,1
Сексуальні професії,Повія,підтіпанка,1
Сексуальні професії,Повія,поблядушка,1
Сексуальні професії,Повія,повійниця,1
Сексуальні професії,Повія,повія,1
Сексуальні професії,Повія,поволока,1
Сексуальні професії,Повія,поклюжниця,1
Сексуальні професії,Повія,помийниця,1
Сексуальні професії,Повія,потепа,1
Сексуальні професії,Повія,потіпаха,1
Сексуальні професії,Повія,потіповище,1
Сексуальні професії,Повія,представниця найдревнішої,0
Сексуальні професії,Повія,професії,1
Сексуальні професії,Повія,прибічна / бокова сестра,0
Сексуальні професії,Повія,проблядь,1
Сексуальні професії,Повія,промокашка,1
Сексуальні професії,Повія,проститутка,1
Сексуальні професії,Повія,професіоналка,1
Сексуальні професії,Повія,профура,1
Сексуальні професії,Повія,прошмандовка,1
Сексуальні професії,Повія,путана,1
Сексуальні професії,Повія,розтіпаха,1
Сексуальні професії,Повія,розтруха,1
Сексуальні професії,Повія,сука,1
Сексуальні професії,Повія,суфльора,1
Сексуальні професії,Повія,трудівниця секс-фронту,0
Сексуальні професії,Повія,устілка,1
Сексуальні професії,Повія,файда,1
Сексуальні професії,Повія,фльондра,1
Сексуальні професії,Повія,фойда,1
Сексуальні професії,Повія,халява,1
Сексуальні професії,Повія,хвайда,1
Сексуальні професії,Повія,хвойда,1
Сексуальні професії,Повія,хльорка,1
Сексуальні професії,Повія,чепрюга,1
Сексуальні професії,Повія,шельма,1
Сексуальні професії,Повія,шльондра,1
Сексуальні професії,Повія,шлюха,1
Сексуальні професії,Повія,шмара,1
Сексуальні професії,Повія,шмонтолоха,1
Публічний дім,Публічний дім,бардак,1
Публічний дім,Публічний дім,бордель,1
Публічний дім,Публічний дім,будинок,1
Публічний дім,Публічний дім,дім,1
Публічний дім,Публічний дім,притулок,1
Публічний дім,Публічний дім,розпусти,1
Публічний дім,Публічний дім,бурдей,1
Публічний дім,Публічний дім,пердольник,1
Публічний дім,Публічний дім,публічний дім,0
Статеві виділення і фізіологічні відправлення,Менструація,біда,1
Статеві виділення і фізіологічні відправлення,Менструація,вихідні дні,0
Статеві виділення і фізіологічні відправлення,Менструація,веселі дні,0
Статеві виділення і фізіологічні відправлення,Менструація,красні / червоні дні,0
Статеві виділення і фізіологічні відправлення,Менструація,война почалася,0
Статеві виділення і фізіологічні відправлення,Менструація,глембеї,1
Статеві виділення і фізіологічні відправлення,Менструація,гості заїхали,0
Статеві виділення і фізіологічні відправлення,Менструація,гості приїхали,0
Статеві виділення і фізіологічні відправлення,Менструація,гості з Червонограда,0
Статеві виділення і фізіологічні відправлення,Менструація,гості з Краснодара,0
Статеві виділення і фізіологічні відправлення,Менструація,демонстрація,1
Статеві виділення і фізіологічні відправлення,Менструація,діла,1
Статеві виділення і фізіологічні відправлення,Менструація,для мене є,0
Статеві виділення і фізіологічні відправлення,Менструація,є коло мене,0
Статеві виділення і фізіологічні відправлення,Менструація,жіноча радість,0
Статеві виділення і фізіологічні відправлення,Менструація,красна армія,0
Статеві виділення і фізіологічні відправлення,Менструація,червона армія,0
Статеві виділення і фізіологічні відправлення,Менструація,красна шапочка,0
Статеві виділення і фізіологічні відправлення,Менструація,красний мерседес,0
Статеві виділення і фізіологічні відправлення,Менструація,кривава помста,0
Статеві виділення і фізіологічні відправлення,Менструація,мати на собі,0
Статеві виділення і фізіологічні відправлення,Менструація,машка,1
Статеві виділення і фізіологічні відправлення,Менструація,менстра,1
Статеві виділення і фізіологічні відправлення,Менструація,місячки,1
Статеві виділення і фізіологічні відправлення,Менструація,місячний звіт,0
Статеві виділення і фізіологічні відправлення,Менструація,місячні,1
Статеві виділення і фізіологічні відправлення,Менструація,напасть,1
Статеві виділення і фізіологічні відправлення,Менструація,на сорочці,0
Статеві виділення і фізіологічні відправлення,Менструація,на одежі,0
Статеві виділення і фізіологічні відправлення,Менструація,на рубашці,0
Статеві виділення і фізіологічні відправлення,Менструація,наші прийшли,0
Статеві виділення і фізіологічні відправлення,Менструація,параша,1
Статеві виділення і фізіологічні відправлення,Менструація,півень закукурікав,0
Статеві виділення і фізіологічні відправлення,Менструація,піонери,1
Статеві виділення і фізіологічні відправлення,Менструація,побєда,1
Статеві виділення і фізіологічні відправлення,Менструація,подружка,1
Статеві виділення і фізіологічні відправлення,Менструація,посолина,1
Статеві виділення і фізіологічні відправлення,Менструація,потоп,1
Статеві виділення і фізіологічні відправлення,Менструація,празники,1
Статеві виділення і фізіологічні відправлення,Менструація,революція,1
Статеві виділення і фізіологічні відправлення,Менструація,реїули,1
Статеві виділення і фізіологічні відправлення,Менструація,регуляція,1
Статеві виділення і фізіологічні відправлення,Менструація,свій час,0
Статеві виділення і фізіологічні відправлення,Менструація,смола,1
Статеві виділення і фізіологічні відправлення,Менструація,тета з Америкі,0
Статеві виділення і фізіологічні відправлення,Менструація,тєчка,1
Статеві виділення і фізіологічні відправлення,Менструація,тралі-валі,1
Статеві виділення і фізіологічні відправлення,Менструація,тьотка,1
Статеві виділення і фізіологічні відправлення,Менструація,тьотя Ася,0
Статеві виділення і фізіологічні відправлення,Менструація,цьотка приїхала,0
Статеві виділення і фізіологічні відправлення,Менструація,час вампіра,0
Статеві виділення і фізіологічні відправлення,Менструація,червона болячка,0
Статеві виділення і фізіологічні відправлення,Менструація,червона гвардія,0
Статеві виділення і фізіологічні відправлення,Менструація,червона тьотя,0
Статеві виділення і фізіологічні відправлення,Менструація,червоний Іван ночував,0
Статеві виділення і фізіологічні відправлення,Менструація,червоний прапор,0
Статеві виділення і фізіологічні відправлення,Менструація,червоні гості,0
Статеві виділення і фізіологічні відправлення,Менструація,червоні жигулі,0
Статеві виділення і фізіологічні відправлення,Менструація,червоні числа,0
Статеві виділення і фізіологічні відправлення,Менструація,число,1
Статеві виділення і фізіологічні відправлення,Сперма,бахалеї,1
Статеві виділення і фізіологічні відправлення,Сперма,вафля,1
Статеві виділення і фізіологічні відправлення,Сперма,гречка,1
Статеві виділення і фізіологічні відправлення,Сперма,груші,1
Статеві виділення і фізіологічні відправлення,Сперма,гльог,1
Статеві виділення і фізіологічні відправлення,Сперма,дощ,1
Статеві виділення і фізіологічні відправлення,Сперма,живиця,1
Статеві виділення і фізіологічні відправлення,Сперма,жито,1
Статеві виділення і фізіологічні відправлення,Сперма,жолуді,1
Статеві виділення і фізіологічні відправлення,Сперма,зйобина,1
Статеві виділення і фізіологічні відправлення,Сперма,йогурт,1
Статеві виділення і фізіологічні відправлення,Сперма,капуцина,1
Статеві виділення і фізіологічні відправлення,Сперма,коноплі,1
Статеві виділення і фізіологічні відправлення,Сперма,конча,1
Статеві виділення і фізіологічні відправлення,Сперма,майонез,1
Статеві виділення і фізіологічні відправлення,Сперма,макове зерня,0
Статеві виділення і фізіологічні відправлення,Сперма,малаф'я,1
Статеві виділення і фізіологічні відправлення,Сперма,манна кашка,0
Статеві виділення і фізіологічні відправлення,Сперма,мачок,1
Статеві виділення і фізіологічні відправлення,Сперма,молоко,1
Статеві виділення і фізіологічні відправлення,Сперма,молочко,1
Статеві виділення і фізіологічні відправлення,Сперма,насіння,1
Статеві виділення і фізіологічні відправлення,Сперма,насіння життя,0
Статеві виділення і фізіологічні відправлення,Сперма,перлини,1
Статеві виділення і фізіологічні відправлення,Сперма,пшениця,1
Статеві виділення і фізіологічні відправлення,Сперма,ріження,1
Статеві виділення і фізіологічні відправлення,Сперма,сік,1
Статеві виділення і фізіологічні відправлення,Сперма,сім'я,1
Статеві виділення і фізіологічні відправлення,Сперма,сметанка,1
Статеві виділення і фізіологічні відправлення,Сперма,соплі,1
Статеві виділення і фізіологічні відправлення,Сперма,хміль,1
Статеві виділення і фізіологічні відправлення,Сперма,хуйовина,1
Статеві виділення і фізіологічні відправлення,Справити велику нужду,випаскудитися,1
Статеві виділення і фізіологічні відправлення,Справити велику нужду,вихижитися,1
Статеві виділення і фізіологічні відправлення,Справити велику нужду,вишні садити,0
Статеві виділення і фізіологічні відправлення,Справити велику нужду,дриснути,1
Статеві виділення і фізіологічні відправлення,Справити велику нужду,за великою потребою,0
Статеві виділення і фізіологічні відправлення,Справити велику нужду,звоначитися,1
Статеві виділення і фізіологічні відправлення,Справити велику нужду,какати,1
Статеві виділення і фізіологічні відправлення,Справити велику нужду,каляти,1
Статеві виділення і фізіологічні відправлення,Справити велику нужду,кацати / кацнути,0
Статеві виділення і фізіологічні відправлення,Справити велику нужду,навалити,1
Статеві виділення і фізіологічні відправлення,Справити велику нужду,нагадити,1
Статеві виділення і фізіологічні відправлення,Справити велику нужду,накакати,1
Статеві виділення і фізіологічні відправлення,Справити велику нужду,накласти,1
Статеві виділення і фізіологічні відправлення,Справити велику нужду,наробити,1
Статеві виділення і фізіологічні відправлення,Справити велику нужду,ослобоняться / ослобониться,0
Статеві виділення і фізіологічні відправлення,Справити велику нужду,паскудити,1
Статеві виділення і фізіологічні відправлення,Справити велику нужду,пашчити,1
Статеві виділення і фізіологічні відправлення,Справити велику нужду,піти на парашку,0
Статеві виділення і фізіологічні відправлення,Справити велику нужду,подавити пасту,0
Статеві виділення і фізіологічні відправлення,Справити велику нужду,покацать,1
Статеві виділення і фізіологічні відправлення,Справити велику нужду,сракати,1
Статеві виділення і фізіологічні відправлення,Справити велику нужду,срати / сернути,0
Статеві виділення і фізіологічні відправлення,Справити велику нужду,файдати,1
Статеві виділення і фізіологічні відправлення,Справити велику нужду,хихляти,1
Статеві виділення і фізіологічні відправлення,Справити велику нужду,ходити під себе,0
Статеві виділення і фізіологічні відправлення,Справляти малу нужду,баки злити,0
Статеві виділення і фізіологічні відправлення,Справляти малу нужду,випохторатися,1
Статеві виділення і фізіологічні відправлення,Справляти малу нужду,відкрити краник,0
Статеві виділення і фізіологічні відправлення,Справляти малу нужду,вребритися,1
Статеві виділення і фізіологічні відправлення,Справляти малу нужду,за малою потребою,0
Статеві виділення і фізіологічні відправлення,Справляти малу нужду,карасиків ловити,0
Статеві виділення і фізіологічні відправлення,Справляти малу нужду,краник розкрутився,0
Статеві виділення і фізіологічні відправлення,Справляти малу нужду,ловити рибу,0
Статеві виділення і фізіологічні відправлення,Справляти малу нужду,ловити рибу в кроваті,0
Статеві виділення і фізіологічні відправлення,Справляти малу нужду,ловити в кроваті,0
Статеві виділення і фізіологічні відправлення,Справляти малу нужду,матвія викрутити,0
Статеві виділення і фізіологічні відправлення,Справляти малу нужду,напудити,1
Статеві виділення і фізіологічні відправлення,Справляти малу нужду,насцяти,1
Статеві виділення і фізіологічні відправлення,Справляти малу нужду,палити пліт,0
Статеві виділення і фізіологічні відправлення,Справляти малу нужду,пісяти,1
Статеві виділення і фізіологічні відправлення,Справляти малу нужду,піти на стежку,0
Статеві виділення і фізіологічні відправлення,Справляти малу нужду,піти в корчі,0
Статеві виділення і фізіологічні відправлення,Справляти малу нужду,подзвонити на Батьківщину,0
Статеві виділення і фізіологічні відправлення,Справляти малу нужду,поміняти рибам воду,0
Статеві виділення і фізіологічні відправлення,Справляти малу нужду,прив'язати коня,0
Статеві виділення і фізіологічні відправлення,Справляти малу нужду,руки помити,0
Статеві виділення і фізіологічні відправлення,Справляти малу нужду,сурляти,1
Статеві виділення і фізіологічні відправлення,Справляти малу нужду,сцяти,1
Статеві виділення і фізіологічні відправлення,Справляти малу нужду,усцикатися / усцятися,0
Статеві виділення і фізіологічні відправлення,Лайно,аналіз,1
Статеві виділення і фізіологічні відправлення,Лайно,верзота,1
Статеві виділення і фізіологічні відправлення,Лайно,верзоха,1
Статеві виділення і фізіологічні відправлення,Лайно,кафно,1
Статеві виділення і фізіологічні відправлення,Лайно,пашко,1
Статеві виділення і фізіологічні відправлення,Лайно,скислий горох,0
Статеві виділення і фізіологічні відправлення,Пронос,бігалка,1
Статеві виділення і фізіологічні відправлення,Пронос,бігунка,1
Статеві виділення і фізіологічні відправлення,Пронос,дрисля,1
Статеві виділення і фізіологічні відправлення,Пронос,дрисня,1
Статеві виділення і фізіологічні відправлення,Пронос,дядько панас,0
Статеві виділення і фізіологічні відправлення,Пронос,серун,1
Статеві виділення і фізіологічні відправлення,Пронос,срач,1
Статеві виділення і фізіологічні відправлення,Пронос,срачка,1
Статеві виділення і фізіологічні відправлення,Пронос,тьотка настя,0
Статеві виділення і фізіологічні відправлення,Пронос,утроба,1
Статеві виділення і фізіологічні відправлення,Пронос,швидка настя,0
Статеві виділення і фізіологічні відправлення,Туалет,відстійник,1
Статеві виділення і фізіологічні відправлення,Туалет,газова камера,0
Статеві виділення і фізіологічні відправлення,Туалет,грінпіс,1
Статеві виділення і фізіологічні відправлення,Туалет,гендерні студії,0
Статеві виділення і фізіологічні відправлення,Туалет,дабл,1
Статеві виділення і фізіологічні відправлення,Туалет,дальній восток,0
Статеві виділення і фізіологічні відправлення,Туалет,дзвонилка,1
Статеві виділення і фізіологічні відправлення,Туалет,домечок,1
Статеві виділення і фізіологічні відправлення,Туалет,кабінет 🍑умливості,0
Статеві виділення і фізіологічні відправлення,Туалет,нужник,1
Статеві виділення і фізіологічні відправлення,Туалет,нуль-нуль,1
Статеві виділення і фізіологічні відправлення,Туалет,одхоже,1
Статеві виділення і фізіологічні відправлення,Туалет,пашковник,1
Статеві виділення і фізіологічні відправлення,Туалет,пан Едзьо,0
Статеві виділення і фізіологічні відправлення,Туалет,рекреація,1
Статеві виділення і фізіологічні відправлення,Туалет,сотий кабінет,0
Статеві виділення і фізіологічні відправлення,Туалет,сральник,1
Статеві виділення і фізіологічні відправлення,Туалет,сральня,1
Статеві виділення і фізіологічні відправлення,Туалет,тубзик,1
Статеві виділення і фізіологічні відправлення,Туалет,хезальник,1
Статеві виділення і фізіологічні відправлення,Туалет,хезник,1
Венеричні хвороби,Гонорея,збур,1
Венеричні хвороби,Гонорея,триня,1
Венеричні хвороби,Гонорея,трипак,1
Венеричні хвороби,Гонорея,трипель,1
Венеричні хвороби,Гонорея,трипер,1
Венеричні хвороби,Гонорея,три пера,0
Венеричні хвороби,Гонорея,французький насморк,0
Венеричні хвороби,Сифіліс,букет венери,0
Венеричні хвороби,Сифіліс,венера,1
Венеричні хвороби,Сифіліс,венерка,1
Венеричні хвороби,Сифіліс,генерал сіфіліс,0
Венеричні хвороби,Сифіліс,люєс,1
Венеричні хвороби,Сифіліс,люїс,1
Венеричні хвороби,Сифіліс,погана хвороба,0
Венеричні хвороби,Сифіліс,пранці,1
Венеричні хвороби,Сифіліс,сиф,1
Венеричні хвороби,Сифіліс,сифон,1
Венеричні хвороби,Сифіліс,франца,1
Венеричні хвороби,Сифіліс,хомут,1
Реквізити сексуальні,Презерватив,абажур,1
Реквізити сексуальні,Презерватив,гальмо,1
Реквізити сексуальні,Презерватив,гондон,1
Реквізити сексуальні,Презерватив,гума,1
Реквізити сексуальні,Презерватив,камасутра,1
Реквізити сексуальні,Презерватив,кондом,1
Реквізити сексуальні,Презерватив,нацюцюрник,1
Реквізити сексуальні,Презерватив,одежа для теї штуки,0
Реквізити сексуальні,Презерватив,парашут,1
Реквізити сексуальні,Презерватив,плащ,1
Реквізити сексуальні,Презерватив,през,1
Реквізити сексуальні,Презерватив,презик,1
Реквізити сексуальні,Презерватив,пропихач,1
Реквізити сексуальні,Презерватив,резинка,1
Реквізити сексуальні,Презерватив,резиновий костюм,0
Реквізити сексуальні,Презерватив,спецодяг,1
Реквізити сексуальні,Презерватив,французька штучка,0
Реквізити сексуальні,Презерватив,шолом,1
Характеристики людини,Нікчемна людина,баб'ячий хуй,0
Характеристики людини,Нікчемна людина,вафлєглот,1
Характеристики людини,Нікчемна людина,вафліст,1
Характеристики людини,Нікчемна людина,виблядок,1
Характеристики людини,Нікчемна людина,викидень,1
Характеристики людини,Нікчемна людина,випердок,1
Характеристики людини,Нікчемна людина,випиздок,1
Характеристики людини,Нікчемна людина,висерок,1
Характеристики людини,Нікчемна людина,гівнюк,1
Характеристики людини,Нікчемна людина,гнилий півхуйчик,0
Характеристики людини,Нікчемна людина,гузно волохате,0
Характеристики людини,Нікчемна людина,до дупи дверцята,0
Характеристики людини,Нікчемна людина,дупа волова,0
Характеристики людини,Нікчемна людина,дристун,1
Характеристики людини,Нікчемна людина,дрищик,1
Характеристики людини,Нікчемна людина,єбун косоголовий,0
Характеристики людини,Нікчемна людина,залупа,1
Характеристики людини,Нікчемна людина,затичка,1
Характеристики людини,Нікчемна людина,йобаний череп,0
Характеристики людини,Нікчемна людина,купка гівна,0
Характеристики людини,Нікчемна людина,кусоклайна,1
Характеристики людини,Нікчемна людина,мудак,1
Характеристики людини,Нікчемна людина,недоносокнедоношений,1
Характеристики людини,Нікчемна людина,недопиздок,1
Характеристики людини,Нікчемна людина,"ні в пизду, ні в Красну Армію",0
Характеристики людини,Нікчемна людина,обісранець,1
Характеристики людини,Нікчемна людина,пальцем роблений,0
Характеристики людини,Нікчемна людина,педрило,1
Характеристики людини,Нікчемна людина,пердун,1
Характеристики людини,Нікчемна людина,пиздюк,1
Характеристики людини,Нікчемна людина,півхуйчик,1
Характеристики людини,Нікчемна людина,підарас,1
Характеристики людини,Нікчемна людина,піт на яйцях бабуїна,0
Характеристики людини,Нікчемна людина,презерватив,1
Характеристики людини,Нікчемна людина,припиздок,1
Характеристики людини,Нікчемна людина,пся дупа,0
Характеристики людини,Нікчемна людина,пуцька волова,0
Характеристики людини,Нікчемна людина,сморід підзалупний,0
Характеристики людини,Нікчемна людина,уйобок,1
Характеристики людини,Нікчемна людина,цюль зломаний,0
Характеристики людини,Нікчемна людина,штани з яйцями,0
Характеристики людини,Нікчемна людина,штаноносій,1
Характеристики людини,Мерзотна людина,виблядок,1
Характеристики людини,Мерзотна людина,викидень,1
Характеристики людини,Мерзотна людина,випиздок,1
Характеристики людини,Мерзотна людина,дрек,1
Характеристики людини,Мерзотна людина,засраний,1
Характеристики людини,Мерзотна людина,кобиляча срака,0
Характеристики людини,Мерзотна людина,лайно,1
Характеристики людини,Мерзотна людина,манда,1
Характеристики людини,Мерзотна людина,мандавошка,1
Характеристики людини,Мерзотна людина,недойобаний,1
Характеристики людини,Мерзотна людина,пиздюк,1
Характеристики людини,Мерзотна людина,підарас,1
Характеристики людини,Мерзотна людина,повія,1
Характеристики людини,Мерзотна людина,проблядь,1
Характеристики людини,Мерзотна людина,проститутка,1
Характеристики людини,Мерзотна людина,сифіліс ходячий,0
Характеристики людини,Мерзотна людина,хуєсос,1
Характеристики людини,"Негарна дівчина, жінка",дівка як із гімна плівка,0
Характеристики людини,"Негарна дівчина, жінка",залупа,1
Характеристики людини,"Негарна дівчина, жінка",манда,1
Характеристики людини,"Негарна дівчина, жінка",пизда собача,0
Характеристики людини,"Негарна дівчина, жінка",суходрочка миршава,0
Характеристики людини,Старий чоловік,старий пердула,0
Характеристики людини,Старий чоловік,старий пердун,0
Характеристики людини,Старий чоловік,старий хрін,0
Характеристики людини,Старий чоловік,старий хуй,0
Характеристики людини,Старий чоловік,старпер,1
"Вираження презирства, небажання мати справу з кимось",,в рот мента довбать,0
"Вираження презирства, небажання мати справу з кимось",,в рот мінта довбать,0
"Вираження презирства, небажання мати справу з кимось",,до сраки карі очі,0
"Вираження презирства, небажання мати справу з кимось",,іди в жопу,0
"Вираження презирства, небажання мати справу з кимось",,йди в жопу,0
"Вираження презирства, небажання мати справу з кимось",,пішов в жопу,0
"Вираження презирства, небажання мати справу з кимось",,їбати тебе в рот,0
"Вираження презирства, небажання мати справу з кимось",,виїбати тебе в рот,0
"Вираження презирства, небажання мати справу з кимось",,їбати в жопу,0
"Вираження презирства, небажання мати справу з кимось",,їбись током,0
"Вираження презирства, небажання мати справу з кимось",,на середині міста,0
"Вираження презирства, небажання мати справу з кимось",,насероматре,1
"Вираження презирства, небажання мати справу з кимось",,насеру твоїй матері,0
"Вираження презирства, небажання мати справу з кимось",,на хрін,0
"Вираження презирства, небажання мати справу з кимось",,серу / насеру твоїй матері,0
"Вираження презирства, небажання мати справу з кимось",,серу на твою голову,0
"Вираження презирства, небажання мати справу з кимось",,срати хотів з високого дерева,0
"Вираження презирства, небажання мати справу з кимось",,срати я хотів з високого дерева,0
"Вираження презирства, небажання мати справу з кимось",,узни мене,0
"Вираження презирства, небажання мати справу з кимось",,"хуй [тобі, вам / т. ін.] в рот!",0
"Вираження презирства, небажання мати справу з кимось",,хуйтобі (вам і т. ін.) в сраку,0
"Вираження презирства, небажання мати справу з кимось",,цілуй в сраку,0
"Вираження презирства, небажання мати справу з кимось",,поцілуй в сраку,0
"Вираження презирства, небажання мати справу з кимось",,щоб тобі всралось,0
"Вираження презирства, небажання мати справу з кимось",,я з тобою срать ніколи не піду,0
"Вираження презирства, небажання мати справу з кимось",,я з тобою срать ніколи не сяду,0
